platform,brand,content_id,user_or_channel_id,followers,channel_cost,subscribers,content_type
Instagram,다우니,DackY1PPJ0V,hyesu_mon,308460,NULL,NULL,릴스
Instagram,다우니,DaufxrTPZjt,gkruddll,254225,NULL,NULL,릴스
Instagram,다우니,DbafoGlyjC3,_gyurihome_,34136,NULL,NULL,릴스
Instagram,다우니,DbcGe2aJSug,yeeunzip,66242,NULL,NULL,릴스
Instagram,다우니,DbdYOErv0MF,woolulumangi,39609,NULL,NULL,릴스
Instagram,다우니,DbH3u-LTkLs,a.el.home,21784,NULL,NULL,릴스
Instagram,다우니,DbK5IgAS303,l0esyni,15982,NULL,NULL,릴스
Instagram,다우니,DbKtRhjxjGD,teeniway,102283,NULL,NULL,릴스
Instagram,다우니,DbKZ-MpynEj,yoon.koon,100845,NULL,NULL,릴스
Instagram,다우니,DbN6uqhBTLR,yyyyyygm,12180,NULL,NULL,릴스
Instagram,다우니,DbNVd0YBDTh,trip_n_9u,158971,NULL,NULL,릴스
Instagram,다우니,DbS0PMmyi5g,lologzip,7883,NULL,NULL,릴스
Instagram,다우니,DbVUwQnzbiO,jungda_swim,41414,NULL,NULL,릴스
Instagram,다우니,DbXmtBRz7Gc,sungbincha,6320,NULL,NULL,릴스
Instagram,다우니,DbXsHrFRfCn,orn.orne,79148,NULL,NULL,릴스
Instagram,다우니,DbYF13TvNl-,joogreen_,29205,NULL,NULL,릴스
Instagram,다우니,DbYJnZ2zsem,silver._.mouse._,11467,NULL,NULL,릴스
Instagram,닥터멜락신,DayzAEsPleF,hand__movie,6291,NULL,NULL,릴스
Instagram,닥터포헤어,Da0G_0IBnAz,yuharu_cos,8026,NULL,NULL,릴스
Instagram,닥터포헤어,Da0Hxh1SHuv,cherr_yscosmetics,2876,NULL,NULL,릴스
Instagram,닥터포헤어,DaclN2XzWA5,mamitan051631,24628,NULL,NULL,릴스
Instagram,닥터포헤어,Daco32vJvLb,p.bogum_records,1973,NULL,NULL,릴스
Instagram,닥터포헤어,DacpIjcJlNP,p.bogum_records,1973,NULL,NULL,릴스
Instagram,닥터포헤어,Dae6U1Rz9hY,popup_dangni,49503,NULL,NULL,릴스
Instagram,닥터포헤어,DafFXXAPcQd,aa_deary,64218,NULL,NULL,릴스
Instagram,닥터포헤어,Dakm5vtPLW_,jjung_717,69817,NULL,NULL,릴스
Instagram,닥터포헤어,DakpNvnoTgh,yoonji_1228,17014,NULL,NULL,릴스
Instagram,닥터포헤어,DakZCYez0Ix,uozunozon,13816,NULL,NULL,릴스
Instagram,닥터포헤어,Dam1wbYPc88,aa_deary,64218,NULL,NULL,릴스
Instagram,닥터포헤어,DaU2a0sDp3K,all.about.gangnam.seongsu,127031,NULL,NULL,릴스
Instagram,닥터포헤어,DaU2JX3gZBM,all.about.seoul.trip,515719,NULL,NULL,릴스
Instagram,닥터포헤어,DaU52H0gYgv,enjoy.seoul,135172,NULL,NULL,릴스
Instagram,닥터포헤어,DaubovUgOvj,rearin.designer,26302,NULL,NULL,릴스
Instagram,닥터포헤어,DauPCFRhVMs,hwitori_228,2581,NULL,NULL,릴스
Instagram,닥터포헤어,DauS4UCKIC1,jsol_glow,65984,NULL,NULL,릴스
Instagram,닥터포헤어,DauSM8Sxxf8,hjj_starry__cos,14623,NULL,NULL,릴스
Instagram,닥터포헤어,DauvAripH0h,hyejituzi,127165,NULL,NULL,릴스
Instagram,닥터포헤어,DaUVMDjzA8T,someda._.ily,62001,NULL,NULL,릴스
Instagram,닥터포헤어,DauW5cszncb,ang6624,242860,NULL,NULL,릴스
Instagram,닥터포헤어,DaxA5DkpTbV,0oossilp,2004,NULL,NULL,릴스
Instagram,닥터포헤어,DbAjjp5zC85,eunji_saena,84500,NULL,NULL,릴스
Instagram,닥터포헤어,DbavhAOSTyz,meraeaeaeaeaeaeaeme,16701,NULL,NULL,릴스
Instagram,닥터포헤어,DbAyHUNhHQW,tael_beauty,30601,NULL,NULL,릴스
Instagram,닥터포헤어,DbFo_wjxmTR,chai._.beauty,26455,NULL,NULL,릴스
Instagram,닥터포헤어,DbGKj28hquF,jelly_1108,60903,NULL,NULL,릴스
Instagram,닥터포헤어,DbLVhV6NLIZ,jelly_1108,60903,NULL,NULL,릴스
Instagram,덴티스테,Damct57h6Ut,love9moon,231605,NULL,NULL,릴스
Instagram,덴티스테,DamUy1KRShk,by.ellenlee,203565,NULL,NULL,릴스
Instagram,덴티스테,DaqCV23CZge,0.1_percent_,1373,NULL,NULL,피드
Instagram,덴티스테,DaU52JmIEGs,rose_kim_golflover,106827,NULL,NULL,릴스
Instagram,덴티스테,DauG6FYJo98,babyaji,301232,NULL,NULL,릴스
Instagram,덴티스테,DaulWmrzQ-Q,s2._seul,15261,NULL,NULL,릴스
Instagram,덴티스테,DaUSdgcPfvZ,by.ellenlee,203565,NULL,NULL,릴스
Instagram,덴티스테,DavC_TwzGB6,_sesamesalt,64712,NULL,NULL,릴스
Instagram,덴티스테,DaxD4diJuD4,siyu_an_,107065,NULL,NULL,릴스
Instagram,도브,Da_COKuzWwv,u_ssong2,68435,NULL,NULL,릴스
Instagram,도브,Da-bLAAIJyw,o.neul_2,4398,NULL,NULL,릴스
Instagram,도브,Da-vKF8N_Ve,jedtavernier,NULL,NULL,NULL,릴스
Instagram,도브,Da-WgivvyLn,ga_o93,4694,NULL,NULL,릴스
Instagram,도브,Da0Ab2yvMKs,na._.vely,9631,NULL,NULL,릴스
Instagram,도브,Da0BFRkhPuc,glowupmag,314495,NULL,NULL,릴스
Instagram,도브,Da0EBjbzK7u,ria_halo,4788,NULL,NULL,릴스
Instagram,도브,Da0NASczCZF,hi_roro__,3609,NULL,NULL,릴스
Instagram,도브,Da1vYrxv2r7,zzzz_03081207,15682,NULL,NULL,릴스
Instagram,도브,Da21N-lS_fa,jihee.risa,849,NULL,NULL,릴스
Instagram,도브,Da24H_mTcMM,mjvely,23604,NULL,NULL,릴스
Instagram,도브,Da2aFiKyR8m,jogu_haus,143388,NULL,NULL,릴스
Instagram,도브,Da2AK7YJHMb,hansoh2,10004,NULL,NULL,릴스
Instagram,도브,Da2bC8xPwpG,kimeutteum,8013,NULL,NULL,릴스
Instagram,도브,Da2cYhxxe38,yj_____07.08,69101,NULL,NULL,릴스
Instagram,도브,Da2x00TJvOy,hyunjini26,2352,NULL,NULL,릴스
Instagram,도브,Da2XTPPh4-t,love91_love,17183,NULL,NULL,릴스
Instagram,도브,Da30sVkyM8S,hhousea,4918,NULL,NULL,릴스
Instagram,도브,Da3yL1-yXKW,myeong2_rang,3236,NULL,NULL,릴스
Instagram,도브,Da4O-Cyziu1,sunny.im,4427,NULL,NULL,릴스
Instagram,도브,Da5aLfvvhiw,rladnwls07,98182,NULL,NULL,릴스
Instagram,도브,Da5aXM4z67U,lovely_yeonje,18404,NULL,NULL,릴스
Instagram,도브,Da5b8U8RWF7,midnightinnavy,120176,NULL,NULL,릴스
Instagram,도브,Da5C4lZRYim,soyam_ei,NULL,NULL,NULL,릴스
Instagram,도브,Da5cf3uzjMw,jjaeni_y,22861,NULL,NULL,릴스
Instagram,도브,Da5dYAFKXnW,ghdduwls80,72489,NULL,NULL,릴스
Instagram,도브,Da5ekpSTcgB,ha_aaari,9366,NULL,NULL,릴스
Instagram,도브,Da5JKu0gs3q,momoh_mom,10614,NULL,NULL,릴스
Instagram,도브,Da5L407MsW7,ruda__lee,188338,NULL,NULL,릴스
Instagram,도브,Da5Ozs3hb5s,jjina_27,5971,NULL,NULL,릴스
Instagram,도브,Da5RZYIgb6Y,im.naburu,436,NULL,NULL,릴스
Instagram,도브,Da5T2wlzUg6,sylove7100,132460,NULL,NULL,릴스
Instagram,도브,Da5X8imOnVa,___dear.2jun,10162,NULL,NULL,릴스
Instagram,도브,Da5XnwdJ5lc,sister_tone,1293,NULL,NULL,릴스
Instagram,도브,Da5XsUeTUGy,petit_estj,6810,NULL,NULL,릴스
Instagram,도브,Da5YJ-MJB8-,quatoscollector,30840,NULL,NULL,릴스
Instagram,도브,Da5YjUkpgm_,bbcarmen_,45712,NULL,NULL,릴스
Instagram,도브,Da5YLlxhTVh,hanspooon,2288,NULL,NULL,릴스
Instagram,도브,Da75Og6PAIM,meokcomong,2105,NULL,NULL,릴스
Instagram,도브,Da77-c1Pkfe,kh_sol22,2641,NULL,NULL,릴스
Instagram,도브,Da7mvdYzOSN,nyg_p12.1,3741,NULL,NULL,릴스
Instagram,도브,Da7pOLbOXQ7,ddo617,10084,NULL,NULL,릴스
Instagram,도브,Da7wsJbT6Dt,heboc_,10653,NULL,NULL,릴스
Instagram,도브,Da8BwhYJeH_,_ssu____,925,NULL,NULL,릴스
Instagram,도브,DacaxYHH_Cr,igotshe.mag,95620,NULL,NULL,피드
Instagram,도브,Dam0bZwxEDp,mimmiiiya,856619,NULL,NULL,릴스
Instagram,도브,Dam1JeiO_H4,bandgoodgirl,21669,NULL,NULL,릴스
Instagram,도브,Dam2CdCPgwW,jwe_jwe_,6042,NULL,NULL,릴스
Instagram,도브,Damfs0xAm01,os1zo,70570,NULL,NULL,릴스
Instagram,도브,DamzTwVpDMk,kangsoyeon__,1531319,NULL,NULL,릴스
Instagram,도브,DaoJMt9vl61,anaidgeno,96827,NULL,NULL,릴스
Instagram,도브,Dap07slTzmA,moretomihika,NULL,NULL,NULL,릴스
Instagram,도브,DaPwXZ8RcHn,nanaho_yoshida,190270,NULL,NULL,릴스
Instagram,도브,DaqH8B7ts65,miso_daliy,5642,NULL,NULL,릴스
Instagram,도브,DaQTw7foTBT,aainamehta10,NULL,NULL,NULL,릴스
Instagram,도브,DaRToEVSfVn,yumni_.k,53858,NULL,NULL,릴스
Instagram,도브,DaVbHIPBLYw,18_summer,27194,NULL,NULL,릴스
Instagram,도브,DaVE8ufyY-D,nanaho_yoshida,190270,NULL,NULL,릴스
Instagram,도브,DaVOWWYEaSR,travelcontents.kr,48428,NULL,NULL,피드
Instagram,도브,DaVyRacvIgN,skin_army,124142,NULL,NULL,릴스
Instagram,도브,DawWVcqN6iv,cho.haemi,27840,NULL,NULL,릴스
Instagram,도브,DaxncqNS13t,s_clonk,2218,NULL,NULL,릴스
Instagram,도브,DaxqQr8JB7_,i_this.me,1589,NULL,NULL,릴스
Instagram,도브,DaxVb-nij5i,ongiel,49926,NULL,NULL,릴스
Instagram,도브,DayoAlkhDmd,yu_axng,3338,NULL,NULL,릴스
Instagram,도브,Daz3wVeRKvv,westzinnn,17703,NULL,NULL,릴스
Instagram,도브,DazB0_7SvQo,sayhee,9840,NULL,NULL,릴스
Instagram,도브,Dba6goBTkzy,e_nwoo_,9348,NULL,NULL,릴스
Instagram,도브,DbaV2Ytvx2W,imluvhee,108130,NULL,NULL,릴스
Instagram,도브,DbcS-7fJZOh,zzoo.daeng,3113,NULL,NULL,릴스
Instagram,도브,DbCUrJHzRUN,serein_rin,34486,NULL,NULL,릴스
Instagram,도브,DbdazlKx-wK,ducks_trip,2207,NULL,NULL,릴스
Instagram,도브,DbdbpOsNhX6,mynamemonday,12042,NULL,NULL,릴스
Instagram,도브,DbDf3Scy8By,haneul____23,5170,NULL,NULL,릴스
Instagram,도브,DbdhJXUz-yk,my_geon_s2,10687,NULL,NULL,릴스
Instagram,도브,DbdhuHJuVnT,love_rsunny,6800,NULL,NULL,릴스
Instagram,도브,DbDib3lhMzG,traumschoepferin__,20964,NULL,NULL,릴스
Instagram,도브,DbdJB4NvSXM,hosea_wui,51500,NULL,NULL,릴스
Instagram,도브,DbDnM8rh9Q1,sodoubleuon,31184,NULL,NULL,릴스
Instagram,도브,DbdSasyJc2A,gtitln,10428,NULL,NULL,릴스
Instagram,도브,DbdSYMtxQhM,o._.oo_o_,13542,NULL,NULL,릴스
Instagram,도브,DbdVmGpCjza,hy0.vely,4872,NULL,NULL,릴스
Instagram,도브,DbdY9aYyWnk,hhousea,4918,NULL,NULL,릴스
Instagram,도브,DbE1jK4vsRX,saniblanc_,7788,NULL,NULL,릴스
Instagram,도브,DbE1uPvu8n7,choong._2,827,NULL,NULL,릴스
Instagram,도브,DbEgtP1Tovt,happiness01000,1784,NULL,NULL,릴스
Instagram,도브,DbFb77yy3d3,howriry,23919,NULL,NULL,릴스
Instagram,도브,DbFHj4ZzRmm,ee_oss,18047,NULL,NULL,릴스
Instagram,도브,DbFkeaVJkSG,22on_mom,986,NULL,NULL,릴스
Instagram,도브,DbHNpijzoNx,local_activist84,12599,NULL,NULL,릴스
Instagram,도브,DbIe1H-z1ZZ,elfin_j.on,6856,NULL,NULL,릴스
Instagram,도브,DbIkodOPk_E,ki_kikkik,6576,NULL,NULL,릴스
Instagram,도브,DbIRN-phoVf,lovely_min_house,4859,NULL,NULL,릴스
Instagram,도브,DbJEh6Lz3Ce,dduzi_c,4333,NULL,NULL,릴스
Instagram,도브,DbKbNophYeS,winsome.xoxo,8737,NULL,NULL,릴스
Instagram,도브,DbKhH-pxvef,im.naburu,436,NULL,NULL,릴스
Instagram,도브,DbKJ9GyT8qV,nyg_p12.1,3741,NULL,NULL,릴스
Instagram,도브,DbKZ_5rBHHh,cancho_23,NULL,NULL,NULL,릴스
Instagram,도브,DbLAydapNgQ,kyu_zakaya,242,NULL,NULL,릴스
Instagram,도브,DbLdFkqRyA-,lee_m_o,3218,NULL,NULL,릴스
Instagram,도브,DbLdt8OPObv,meokcomong,2105,NULL,NULL,릴스
Instagram,도브,DbLeMZVTZtw,rani221010,65658,NULL,NULL,릴스
Instagram,도브,DbLf_BMJxCA,mi_in_s,2553,NULL,NULL,릴스
Instagram,도브,DbLgRgwqzmd,nam2_love,4821,NULL,NULL,릴스
Instagram,도브,DbLJ1LWJXNK,with.myfamily,7011,NULL,NULL,릴스
Instagram,도브,DbLNF1UyLbh,jang_unni1985,3855,NULL,NULL,릴스
Instagram,도브,DbLQ6BoiT6Z,luv_starbebe,5191,NULL,NULL,릴스
Instagram,도브,DbLQgdHJ-eB,hay.hacci,5281,NULL,NULL,릴스
Instagram,도브,DbLTn3UzF_6,nina029,5981,NULL,NULL,릴스
Instagram,도브,DbLTnH9T4Yt,i.vov.ii,3388,NULL,NULL,릴스
Instagram,도브,DbLV-J5zxt_,___.aha__,31702,NULL,NULL,릴스
Instagram,도브,DbLVB7rR_uq,toneupqueen,48526,NULL,NULL,릴스
Instagram,도브,DbLX4tpTEH6,ruby_soeun,4230,NULL,NULL,릴스
Instagram,도브,DbLY1FJBTgV,hand_yura,21888,NULL,NULL,릴스
Instagram,도브,DbN0548zaeG,gusdla0908,1570,NULL,NULL,릴스
Instagram,도브,DbOMtRQSzbP,life_mo_re,6546,NULL,NULL,릴스
Instagram,도브,DbP_PgmxPJY,souklee0331,3347,NULL,NULL,릴스
Instagram,도브,DbQgkjdAhr6,12mom.ggubin,52344,NULL,NULL,릴스
Instagram,도브,DbS7K0rveoe,ys210906,91772,NULL,NULL,릴스
Instagram,도브,DbSs4INTUop,food_helloworld,23024,NULL,NULL,릴스
Instagram,도브,DbSxWKAviXN,dayoun08,95489,NULL,NULL,릴스
Instagram,도브,DbTM93tuHYY,sssk192001,12675,NULL,NULL,릴스
Instagram,도브,DbX0QDcBhOi,miu_m.in,250353,NULL,NULL,릴스
Instagram,도브,DbXumksyzXs,howriry,23919,NULL,NULL,릴스
Instagram,도브,DbXw7aITzWi,dahye_930,33937,NULL,NULL,릴스
Instagram,도브,DbYBXl5T-Tw,eunm_kim,14535,NULL,NULL,릴스
Instagram,도브,DbYO0fFSD3Q,boo_rookie,36423,NULL,NULL,릴스
Instagram,도브,DbZqbv0TeFH,hoddak._.sj,5617,NULL,NULL,릴스
Instagram,라네즈,Da1iXbXhQgb,itsdamiduck,40031,NULL,NULL,릴스
Instagram,라네즈,Da25X4QGbzK,eve_c0s,1732,NULL,NULL,피드
Instagram,라네즈,Da26JxQpobO,runi_cos,1385,NULL,NULL,릴스
Instagram,라네즈,Da2I5hFBXof,seolida_ms,1942,NULL,NULL,릴스
Instagram,라네즈,Da2kwztHyxY,flower_every0.0,913,NULL,NULL,피드
Instagram,라네즈,Da2ossEkmce,cosyoungs,1324,NULL,NULL,피드
Instagram,라네즈,Da6sYDQEjpx,cobi.pick,1265,NULL,NULL,피드
Instagram,라네즈,DacAyBnTx8S,solkang_,90906,NULL,NULL,릴스
Instagram,라네즈,DacfL28y968,do_ob93,75103,NULL,NULL,릴스
Instagram,라네즈,DacMrvxkz0Q,orig.ginal,112454,NULL,NULL,피드
Instagram,라네즈,DafDz9iAN2O,beauling.ee_,11499,NULL,NULL,릴스
Instagram,라네즈,DaflLEyzQLA,bakedalmond,1027,NULL,NULL,릴스
Instagram,라네즈,DaiVX9RJ8jw,seo_han0216,71411,NULL,NULL,릴스
Instagram,라네즈,Daj_GeQvkIH,its.__yen,5247,NULL,NULL,릴스
Instagram,라네즈,Daj8t1vPGmA,guuu.zl,7130,NULL,NULL,릴스
Instagram,라네즈,DajbRYLBZTu,grace_gwon,3837,NULL,NULL,릴스
Instagram,라네즈,Dak0pX1PABb,ssoothing_98,101535,NULL,NULL,릴스
Instagram,라네즈,Dak3s9UT-al,_.hyevl2._,28489,NULL,NULL,릴스
Instagram,라네즈,DakGxQNBlZc,seulji_log,27828,NULL,NULL,릴스
Instagram,라네즈,Daklq-bJc-h,woomilky__,2815,NULL,NULL,릴스
Instagram,라네즈,DakPmmQTIjM,kwakmid,4076,NULL,NULL,릴스
Instagram,라네즈,Daks-D2zVO7,seulview_beauty.kr,34460,NULL,NULL,릴스
Instagram,라네즈,DakvBzavShg,9_0101,86790,NULL,NULL,릴스
Instagram,라네즈,Dam6Lr0gHXO,lizzieehong,33601,NULL,NULL,릴스
Instagram,라네즈,DamiF9eBSIw,dannie_banny,6559,NULL,NULL,릴스
Instagram,라네즈,DamkEKSvi5l,youye0nmi,65953,NULL,NULL,릴스
Instagram,라네즈,DamLuM3PVMD,aromieunsun,55410,NULL,NULL,릴스
Instagram,라네즈,DanJ7jOT6MI,amberlla_illa,80616,NULL,NULL,릴스
Instagram,라네즈,DapeF2lh8x4,_loveunc,119278,NULL,NULL,릴스
Instagram,라네즈,DaPoyvpz3JM,s_island_,85367,NULL,NULL,릴스
Instagram,라네즈,DapubHSN9SK,uttie_beauty,11996,NULL,NULL,릴스
Instagram,라네즈,DapXf5TycZp,min_d_makeup,271429,NULL,NULL,릴스
Instagram,라네즈,DaPxrWMiu4h,wendyomo_,14508,NULL,NULL,릴스
Instagram,라네즈,DaPYDRyiRH1,nugayoung,435576,NULL,NULL,피드
Instagram,라네즈,DapZ-KoEYTt,ojirapper_,7023,NULL,NULL,피드
Instagram,라네즈,DaQBAQyhHAc,makeupcjh,40791,NULL,NULL,릴스
Instagram,라네즈,Dauc8c5p2_N,ramnuggi,80431,NULL,NULL,릴스
Instagram,라네즈,DaukRwRGLLk,ivvyoung,5657,NULL,NULL,피드
Instagram,라네즈,Daup3TLhCVf,seyoung__0203,241810,NULL,NULL,릴스
Instagram,라네즈,DauQ8YOEe0s,zjshhh_,77057,NULL,NULL,피드
Instagram,라네즈,Daus0aaTwCC,mienomamie,158009,NULL,NULL,릴스
Instagram,라네즈,DauuUHKBsHy,dannie_banny,6559,NULL,NULL,릴스
Instagram,라네즈,DaX0rGzSMWv,xhannah48,5426,NULL,NULL,릴스
Instagram,라네즈,DaxJEydyvsM,s0lsols0l,78114,NULL,NULL,릴스
Instagram,라네즈,DaxLALVD6wG,sobi_s2,1439,NULL,NULL,피드
Instagram,라네즈,DazykihE9tO,beibrown_,959,NULL,NULL,피드
Instagram,라네즈,DbabcWbzY_c,himechandesu3u,5238,NULL,NULL,릴스
Instagram,라네즈,DbPVMm7DyPH,ww_mood.0,1451,NULL,NULL,피드
Instagram,라네즈,DbS_vW2TCV1,seulview_beauty.kr,34460,NULL,NULL,릴스
Instagram,라네즈,DbS-Ag7It8e,pkchaeyu,103653,NULL,NULL,릴스
Instagram,라네즈,DbS1cNXk72h,namheeheee,25161,NULL,NULL,피드
Instagram,라네즈,DbS6ks5yf5T,_kimazul,22150,NULL,NULL,릴스
Instagram,라네즈,DbSldEhyMAy,lh12_e3,333629,NULL,NULL,릴스
Instagram,라네즈,DbSmAWNv2qP,_cute_dami,78287,NULL,NULL,릴스
Instagram,라네즈,DbSXgg1FBpo,min.ver1,48306,NULL,NULL,피드
Instagram,라네즈,DbSXP74mudY,effyismyownmuse,63070,NULL,NULL,피드
Instagram,라네즈,DbU2LUxDwa9,beautyplmagazine,2051439,NULL,NULL,릴스
Instagram,라네즈,DbVjEGqpYsE,ujjja_e,129089,NULL,NULL,릴스
Instagram,라네즈,DbX2Z0OmeR9,monthlydesign,127113,NULL,NULL,피드
Instagram,라네즈,DbYFgyTkz1Q,vertvert.mk,1041,NULL,NULL,피드
Instagram,라로슈포제,Da2f1dLu3-H,aidan__hari,NULL,NULL,NULL,릴스
Instagram,라로슈포제,Da2FiFFMEeQ,chereeanne_,NULL,NULL,NULL,릴스
Instagram,라로슈포제,DaafwudKmXa,commonisland_company,12964,NULL,NULL,릴스
Instagram,라로슈포제,DaioH4pA_Ak,asenaaolgun,891854,NULL,NULL,릴스
Instagram,라로슈포제,Dais8tqMmBM,farah_razem_official,NULL,NULL,NULL,릴스
Instagram,라로슈포제,DakTz-zPq6c,cookiesohee,2819,NULL,NULL,릴스
Instagram,라로슈포제,DakU8YmpgxZ,junejuly_08,102371,NULL,NULL,릴스
Instagram,라로슈포제,DaN9_kzsgMJ,so1_e,12400,NULL,NULL,릴스
Instagram,라로슈포제,DanlQQpyNOG,shin_daon_,3115,NULL,NULL,릴스
Instagram,라로슈포제,Dao17Dbk1aN,hanabono,34000,NULL,NULL,피드
Instagram,라로슈포제,DaO1x7OzIyr,son.jia,31913,NULL,NULL,릴스
Instagram,라로슈포제,DaO2Dy7SXkl,da2.13,1660,NULL,NULL,릴스
Instagram,라로슈포제,DaOecXvTkwG,onoffononon,21120,NULL,NULL,릴스
Instagram,라로슈포제,DaOF7YoxPi8,jienaviduka,119577,NULL,NULL,릴스
Instagram,라로슈포제,DaOLs0RzG01,hui_kwon,27193,NULL,NULL,릴스
Instagram,라로슈포제,DaP4wHaS0mZ,unp_review,5069,NULL,NULL,릴스
Instagram,라로슈포제,DaPbGtLRvLf,youtubeshelyamie,24488,NULL,NULL,릴스
Instagram,라로슈포제,DaPCkAopZ4y,angelwhite._.beak,17783,NULL,NULL,릴스
Instagram,라로슈포제,DaPGL1SpvP0,dear_hyunsun,10407,NULL,NULL,릴스
Instagram,라로슈포제,DaPn4tjTo-0,yu__jin__00,2780,NULL,NULL,릴스
Instagram,라로슈포제,DaPUQ3GJYv6,sing_out_this_song,3062,NULL,NULL,릴스
Instagram,라로슈포제,DaPxf46yMjD,alongside._.amy,65672,NULL,NULL,릴스
Instagram,라로슈포제,DaQGXJ0R_Ne,_fheirie_,3500,NULL,NULL,릴스
Instagram,라로슈포제,DaQJr98TBLL,piny_biny_20,24191,NULL,NULL,릴스
Instagram,라로슈포제,DaQmeCmJzB_,tainamilitao,1928226,NULL,NULL,릴스
Instagram,라로슈포제,DaQxgJ-PQrg,danieldahis,597372,NULL,NULL,릴스
Instagram,라로슈포제,DaS0OU2B6Nl,yogini_su_12,49764,NULL,NULL,릴스
Instagram,라로슈포제,DaSA6czxCZ1,to.bokyung,12798,NULL,NULL,릴스
Instagram,라로슈포제,DaSh17BPXde,dalkong826,117023,NULL,NULL,릴스
Instagram,라로슈포제,DaSiWySS2hy,timestamp.yj,5732,NULL,NULL,릴스
Instagram,라로슈포제,DaSp2jbSNXX,_wna.o,32707,NULL,NULL,릴스
Instagram,라로슈포제,DaSsMmdh7KL,j___dbeau,37447,NULL,NULL,릴스
Instagram,라로슈포제,DaSUJzAx9FG,cozy.ri,3204,NULL,NULL,릴스
Instagram,라로슈포제,DaSwbgESQT9,holie_mj,28399,NULL,NULL,릴스
Instagram,라로슈포제,DaSWmiUTUwk,haley.better,21573,NULL,NULL,릴스
Instagram,라로슈포제,DaT7l0uzpQe,with_yu.jpg,3038,NULL,NULL,릴스
Instagram,라로슈포제,DaTdegnNCFy,lamia.e.lhari,NULL,NULL,NULL,릴스
Instagram,라로슈포제,DaU14vHzOvn,hi_.jane,11711,NULL,NULL,릴스
Instagram,라로슈포제,DaU8ttkuf_y,queensobok,143842,NULL,NULL,릴스
Instagram,라로슈포제,DaUb_B5PCII,suyoung_trip00,10375,NULL,NULL,릴스
Instagram,라로슈포제,DaUho39RP9u,kiralee_vlog,2187,NULL,NULL,릴스
Instagram,라로슈포제,DaUiC_ARnvI,ina_yejining,9647,NULL,NULL,릴스
Instagram,라로슈포제,DaUjsRDTxuL,lovegono,53956,NULL,NULL,릴스
Instagram,라로슈포제,DaUJx_5TGu4,lovelyn210,12534,NULL,NULL,릴스
Instagram,라로슈포제,DaULuPYhu58,kim.sy11,1570,NULL,NULL,릴스
Instagram,라로슈포제,DaURzkVxomP,power_j_camper,4105,NULL,NULL,릴스
Instagram,라로슈포제,DaUwqzyInWl,loveyoolucy,22378,NULL,NULL,릴스
Instagram,라로슈포제,DaUyMCzTW4O,oneulyoung,53885,NULL,NULL,릴스
Instagram,라로슈포제,DaUzdlmTayz,seorinsu_story,159093,NULL,NULL,릴스
Instagram,라로슈포제,DaVa64hTNd2,dadada.1004,50848,NULL,NULL,릴스
Instagram,라로슈포제,DaVAGe7I7Fh,jjayyeong_,6845,NULL,NULL,릴스
Instagram,라로슈포제,DaVaJcYzBs8,sylove7100,132460,NULL,NULL,릴스
Instagram,라로슈포제,DaVaMahvB8R,im_yeonseo_,3289,NULL,NULL,릴스
Instagram,라로슈포제,DaVaYafpZz-,jhkk1220,78667,NULL,NULL,릴스
Instagram,라로슈포제,DaVB_H3TSEe,je_ai_u,10740,NULL,NULL,릴스
Instagram,라로슈포제,DaVb1ZhSfOJ,by_yeji_,8590,NULL,NULL,릴스
Instagram,라로슈포제,DaVbwSqh6m3,ji__aaee,1236,NULL,NULL,릴스
Instagram,라로슈포제,DaVcJVsyt_J,seryun4fun,48688,NULL,NULL,릴스
Instagram,라로슈포제,DaVctD1BcaJ,jeonmarie_,24667,NULL,NULL,릴스
Instagram,라로슈포제,DaVczxDxURC,0_vac,7706,NULL,NULL,릴스
Instagram,라로슈포제,DaVdx71zrfj,blow_a_whistle,1839,NULL,NULL,릴스
Instagram,라로슈포제,DaVEVrthA8U,yuna.log,3384,NULL,NULL,릴스
Instagram,라로슈포제,DaVKn1pPFQh,rimmi92,18783,NULL,NULL,릴스
Instagram,라로슈포제,DaVKSuiBN8A,ata.or.kr,47077,NULL,NULL,릴스
Instagram,라로슈포제,DaVLXE0Szze,today_tomato_,12037,NULL,NULL,릴스
Instagram,라로슈포제,DaVMEleM4yO,insight_yun,3769,NULL,NULL,릴스
Instagram,라로슈포제,DaVMJuOpBDN,i_this.me,1589,NULL,NULL,릴스
Instagram,라로슈포제,DaVN7T3JGDA,gwak__dragon,2658,NULL,NULL,릴스
Instagram,라로슈포제,DaVNJVKz8la,momoh_mom,10614,NULL,NULL,릴스
Instagram,라로슈포제,DaVNxh1pNd5,gomzzely,47317,NULL,NULL,릴스
Instagram,라로슈포제,DaVPQmLSjWc,www_kkomkkom_com,3895,NULL,NULL,릴스
Instagram,라로슈포제,DaVQOaWCjPj,r_don__,13791,NULL,NULL,릴스
Instagram,라로슈포제,DaVRAQMTUUi,circlemommy,45378,NULL,NULL,릴스
Instagram,라로슈포제,DaVSx7MwBqE,jinyi0715,2759,NULL,NULL,릴스
Instagram,라로슈포제,DaVU5BGSSiD,catmimi_j,28125,NULL,NULL,릴스
Instagram,라로슈포제,DaVUG5ZyQuA,k____minime,4390,NULL,NULL,릴스
Instagram,라로슈포제,DaVUsRwvUzK,k_meeji,12359,NULL,NULL,릴스
Instagram,라로슈포제,DaVV0V-y75y,yunjineejane,3257,NULL,NULL,릴스
Instagram,라로슈포제,DaVV6jFPDze,jhlove8484,4017,NULL,NULL,릴스
Instagram,라로슈포제,DaVVjnMpN06,momhoilove,4265,NULL,NULL,릴스
Instagram,라로슈포제,DaVVkhHPga6,mynamemonday,12042,NULL,NULL,릴스
Instagram,라로슈포제,DaVVxrFvSJE,eunkyul_11,146137,NULL,NULL,릴스
Instagram,라로슈포제,DaVWa9tym5F,siwoo_21.08,22158,NULL,NULL,릴스
Instagram,라로슈포제,DaVWQ5FyXZp,lovely_dudong,6833,NULL,NULL,릴스
Instagram,라로슈포제,DaVX5KLJGbM,cculturessong,10161,NULL,NULL,릴스
Instagram,라로슈포제,DaVYbPHz3C_,_____sue._,12663,NULL,NULL,릴스
Instagram,라로슈포제,DaX_hkMpycR,we_r_febru,9445,NULL,NULL,릴스
Instagram,라로슈포제,DaX02-7hij4,gomsooni_k,5178,NULL,NULL,릴스
Instagram,라로슈포제,DaXxca5zbaI,wb._.wc,14614,NULL,NULL,릴스
Instagram,라로슈포제,DbCnxbaxcda,elizammcewen,NULL,NULL,NULL,릴스
Instagram,라로슈포제,DbdHCYpzbBw,davely.beauty,15881,NULL,NULL,릴스
Instagram,라로슈포제,DbLlxUsAHVT,dr.michaelpark,274096,NULL,NULL,릴스
Instagram,라보에이치,Da1rhKoTrlU,likeyouyeye,4129,NULL,NULL,릴스
Instagram,라보에이치,Da4ehbFOG90,jieuniya_0.0,12714,NULL,NULL,릴스
Instagram,라보에이치,Da4M2ZLkr63,trend__portal,59671,NULL,NULL,피드
Instagram,라보에이치,Da4MKxxGrTK,cltoo.run,97356,NULL,NULL,피드
Instagram,라보에이치,Da4PB7xSHwf,life_mo_re,6546,NULL,NULL,릴스
Instagram,라보에이치,Da5jjsIJfOM,gwak__dragon,2658,NULL,NULL,릴스
Instagram,라보에이치,Da7bXBNTkUX,traumschoepferin__,20964,NULL,NULL,릴스
Instagram,라보에이치,Da7DT1wTNVx,ji_eun_99__02,6140,NULL,NULL,릴스
Instagram,라보에이치,DafhgVUE7If,biscit.co.kr,134386,NULL,NULL,피드
Instagram,라보에이치,DaOlKFYhvAj,kimdamoda,522669,NULL,NULL,릴스
Instagram,라보에이치,DaP37aAKpH4,oln____nlo,3487,NULL,NULL,릴스
Instagram,라보에이치,DaPxj7tTi5u,yako_kg,37860,NULL,NULL,릴스
Instagram,라보에이치,Dar6C8Nyd9z,peachyoonah_91,3465,NULL,NULL,릴스
Instagram,라보에이치,DawfMY_Rq-O,serein_rin,34486,NULL,NULL,릴스
Instagram,라보에이치,DazjDheprWw,on_the_table_._,3300,NULL,NULL,릴스
Instagram,라보에이치,DbBNJLTJPq1,spoiler_kkul,13831,NULL,NULL,릴스
Instagram,라보에이치,DbCOA31T-p7,lucky_cocomom,10541,NULL,NULL,릴스
Instagram,라보에이치,DbCvCWkTM_l,kwon_ssol,2735,NULL,NULL,릴스
Instagram,라보에이치,DbCvxEKvMqa,1._chanx_.1,3229,NULL,NULL,릴스
Instagram,라보에이치,DbD_JsFpsFP,is_.becca,360,NULL,NULL,릴스
Instagram,라보에이치,DbF96VbvUwJ,daily_yj713,1428,NULL,NULL,릴스
Instagram,라보에이치,DbGY_mlPUNF,im_yeonseo_,3289,NULL,NULL,릴스
Instagram,라보에이치,DbHNxvFy1k1,yu_axng,3338,NULL,NULL,릴스
Instagram,라보에이치,DbHpDBlzo6m,je_ai_u,10740,NULL,NULL,릴스
Instagram,라보에이치,DbHxy35Tb0b,piny_biny_20,24191,NULL,NULL,릴스
Instagram,라보에이치,DbI0vYcp1BS,bbcarmen_,45712,NULL,NULL,릴스
Instagram,라보에이치,DbI119yyLy_,choidangto,786,NULL,NULL,릴스
Instagram,라보에이치,DbI1QfWuo22,zzmmmic,496,NULL,NULL,릴스
Instagram,라보에이치,DbI3CYWSjU5,haruedit_,8986,NULL,NULL,릴스
Instagram,라보에이치,DbI3OLFBD47,glowwithseulgi,13472,NULL,NULL,릴스
Instagram,라보에이치,DbI6y9wJl8J,guccim71,175097,NULL,NULL,릴스
Instagram,라보에이치,DbI7Homztlw,ji__aaee,1236,NULL,NULL,릴스
Instagram,라보에이치,DbI7YW2OsZG,9._.min,9560,NULL,NULL,릴스
Instagram,라보에이치,DbId9fcBTtY,ha._.ming_,2994,NULL,NULL,릴스
Instagram,라보에이치,DbIEXTizh_F,gusdla0908,1570,NULL,NULL,릴스
Instagram,라보에이치,DbIlqBtP201,mo0n_o.0,367,NULL,NULL,릴스
Instagram,라보에이치,DbIMhq2ysJE,102years,3891,NULL,NULL,릴스
Instagram,라보에이치,DbInkyOpJab,sum_merland,637,NULL,NULL,릴스
Instagram,라보에이치,DbIooMgz7-w,nina029,5981,NULL,NULL,릴스
Instagram,라보에이치,DbIsbYXBcYO,_____e.j,102158,NULL,NULL,릴스
Instagram,라보에이치,DbIT2p2SpMu,dabin98_0321,885,NULL,NULL,릴스
Instagram,라보에이치,DbItykTpmnp,jinyi0715,2759,NULL,NULL,릴스
Instagram,라보에이치,DbIuRW1BMlF,yeor._.eum,4329,NULL,NULL,릴스
Instagram,라보에이치,DbIvxUYJ_ut,gtitln,10428,NULL,NULL,릴스
Instagram,라보에이치,DbIwfYkPXYG,beautystar_ljy,11318,NULL,NULL,릴스
Instagram,라보에이치,DbIwpbzzfhR,haley.better,21573,NULL,NULL,릴스
Instagram,라보에이치,DbIyKw3JQth,momhoilove,4265,NULL,NULL,릴스
Instagram,라보에이치,DbIYVD1Af87,im.naburu,436,NULL,NULL,릴스
Instagram,라보에이치,DbNqT2ugQAi,hon_korea,2819,NULL,NULL,피드
Instagram,라보에이치,DbX2xhhD2Ft,rozea_onewreview,1014,NULL,NULL,피드
Instagram,리쥬란코스메틱,Da-PImzihIA,mingarden_,68111,NULL,NULL,릴스
Instagram,리쥬란코스메틱,Da0RdR6ykt5,beautyjoa10,2779,NULL,NULL,릴스
Instagram,리쥬란코스메틱,Da2P1ZfSjzh,yuura_ii,72169,NULL,NULL,릴스
Instagram,리쥬란코스메틱,Da2X7kGPUXJ,_da.bling_,12852,NULL,NULL,릴스
Instagram,리쥬란코스메틱,Da3DJ8vmJja,s2__eunhee,32920,NULL,NULL,피드
Instagram,리쥬란코스메틱,Da4ObauT4oR,salt.yaksa,35125,NULL,NULL,릴스
Instagram,리쥬란코스메틱,Da9pip3T3_Y,__dddaisy__,9637,NULL,NULL,릴스
Instagram,리쥬란코스메틱,DacIBKczOIo,hwangdog_daily,11966,NULL,NULL,릴스
Instagram,리쥬란코스메틱,Dacz0qIRodx,hjj_starry__cos,14623,NULL,NULL,릴스
Instagram,리쥬란코스메틱,DadEw00Admj,nizi4you,716,NULL,NULL,피드
Instagram,리쥬란코스메틱,DaehjRLhkdl,jinispace_,402,NULL,NULL,릴스
Instagram,리쥬란코스메틱,DafahSuGaQ0,2ydwina_,10027,NULL,NULL,피드
Instagram,리쥬란코스메틱,DafHi0GK8PB,yunchan_xovox,44519,NULL,NULL,릴스
Instagram,리쥬란코스메틱,DafN75ZTIA2,93._.ssu,12553,NULL,NULL,릴스
Instagram,리쥬란코스메틱,DafpEGyJSB0,soyoungirl,58021,NULL,NULL,릴스
Instagram,리쥬란코스메틱,DafRxrGvAwS,a.nnkim,32592,NULL,NULL,릴스
Instagram,리쥬란코스메틱,Dah7sDvmrWj,princess__ej,44430,NULL,NULL,피드
Instagram,리쥬란코스메틱,DahdX1lD9M5,soo_ziii.jpg,12807,NULL,NULL,피드
Instagram,리쥬란코스메틱,DahnAG5pe-W,arichan_cosme,14269,NULL,NULL,릴스
Instagram,리쥬란코스메틱,DaiThBsEiib,blair_in_seoul,56985,NULL,NULL,피드
Instagram,리쥬란코스메틱,DaiWLf2EzZ_,__nj.in__,8037,NULL,NULL,피드
Instagram,리쥬란코스메틱,DajraLIqex3,onikorea1,51903,NULL,NULL,릴스
Instagram,리쥬란코스메틱,DaknAUrTHP2,kkaexn__,30267,NULL,NULL,릴스
Instagram,리쥬란코스메틱,DamjjTtnZIw,lovesome._.1216,3089,NULL,NULL,피드
Instagram,리쥬란코스메틱,DaOksNOSoAY,healthy.hye__,247481,NULL,NULL,릴스
Instagram,리쥬란코스메틱,DaoZP7FBY2j,ddddo_0e,1051,NULL,NULL,릴스
Instagram,리쥬란코스메틱,Dap0MhpD5Jn,annkote,10484,NULL,NULL,피드
Instagram,리쥬란코스메틱,DapAebAIMWH,hye_jew,4720,NULL,NULL,피드
Instagram,리쥬란코스메틱,DaPpJ24EU6a,goojeon.insight,34497,NULL,NULL,피드
Instagram,리쥬란코스메틱,DapvWI7n6Rf,lightv02,11776,NULL,NULL,피드
Instagram,리쥬란코스메틱,DaQGevpTXf6,seulview_beauty.kr,34460,NULL,NULL,릴스
Instagram,리쥬란코스메틱,DaR6ZAQGazm,2ydwina_,10027,NULL,NULL,피드
Instagram,리쥬란코스메틱,DaRPY8EPIaZ,tael_beauty,30601,NULL,NULL,릴스
Instagram,리쥬란코스메틱,DaS2gJ-mOgx,c__ehye,9207,NULL,NULL,피드
Instagram,리쥬란코스메틱,DaS4afKlGzo,hye_jew,4720,NULL,NULL,피드
Instagram,리쥬란코스메틱,DasdpdHTNLA,jina_216,1627,NULL,NULL,릴스
Instagram,리쥬란코스메틱,DaSfKVOEZv-,jolirevee,14036,NULL,NULL,피드
Instagram,리쥬란코스메틱,DasfwbnTtNp,jei.lui,1006,NULL,NULL,릴스
Instagram,리쥬란코스메틱,DaSjjYPFAPs,_eundu_u,7329,NULL,NULL,피드
Instagram,리쥬란코스메틱,DaSjSjxiVMf,knxcksir,8680,NULL,NULL,피드
Instagram,리쥬란코스메틱,DaSsY3ZjwIZ,soo_ziii.jpg,12807,NULL,NULL,피드
Instagram,리쥬란코스메틱,DaSvYtlgSlF,mangjiny,98232,NULL,NULL,피드
Instagram,리쥬란코스메틱,DaUCTXLydcy,ryu_c.ne,10179,NULL,NULL,릴스
Instagram,리쥬란코스메틱,DaUUBvyzGgf,aa_deary,64218,NULL,NULL,릴스
Instagram,리쥬란코스메틱,DaVEnzQvP7_,darli_beauty,10359,NULL,NULL,릴스
Instagram,리쥬란코스메틱,DaVM7jlyqn8,yeonboss_cos,13167,NULL,NULL,릴스
Instagram,리쥬란코스메틱,DaVQcdcKK1l,cos_chxx.ri,60569,NULL,NULL,릴스
Instagram,리쥬란코스메틱,DaVUobCOK5Z,cminiiy,11969,NULL,NULL,릴스
Instagram,리쥬란코스메틱,Dazd1CZjw46,zzzz_03081207,15682,NULL,NULL,피드
Instagram,리쥬란코스메틱,Dazt5D2PfYc,parumi_magazine,17708,NULL,NULL,릴스
Instagram,리쥬란코스메틱,DbaNsW-JjCu,chaengji1222,13441,NULL,NULL,릴스
Instagram,리쥬란코스메틱,DbatI2AM7dn,jungeun_son_,32365,NULL,NULL,릴스
Instagram,리쥬란코스메틱,DbCAXa5y6Uz,parksyrup,53913,NULL,NULL,릴스
Instagram,리쥬란코스메틱,DbCk2iLxLgz,lucir.kr,47360,NULL,NULL,릴스
Instagram,리쥬란코스메틱,DbCYTUrJMti,mijinnnnnnnnnn,3412,NULL,NULL,릴스
Instagram,리쥬란코스메틱,DbDcTz4BVIc,beautyus_mag,92611,NULL,NULL,릴스
Instagram,리쥬란코스메틱,DbDOJoJH5h4,igotshe.mag,95620,NULL,NULL,피드
Instagram,리쥬란코스메틱,DbF_FZSFPeS,yje.__.e,31089,NULL,NULL,피드
Instagram,리쥬란코스메틱,DbF_Nadie11,kkkhhh38,24393,NULL,NULL,피드
Instagram,리쥬란코스메틱,DbF-aM8EbGZ,chajuheeis,32075,NULL,NULL,피드
Instagram,리쥬란코스메틱,DbF2Pb0mALm,lala_love_xoxo_,220403,NULL,NULL,피드
Instagram,리쥬란코스메틱,DbF3eNTmlb7,woooks_oops,94155,NULL,NULL,피드
Instagram,리쥬란코스메틱,DbF6PvoFBin,sararaang,19185,NULL,NULL,피드
Instagram,리쥬란코스메틱,DbF9zuXEr0q,m00__n,28539,NULL,NULL,피드
Instagram,리쥬란코스메틱,DbFxkO4kaMG,soojung0407,160697,NULL,NULL,피드
Instagram,리쥬란코스메틱,DbFyoZDAV7X,mormor__,112846,NULL,NULL,피드
Instagram,리쥬란코스메틱,DbGDT1PmcGd,0ru2__,158112,NULL,NULL,피드
Instagram,리쥬란코스메틱,DbGMOLfiUAG,yuwvnii,67177,NULL,NULL,피드
Instagram,리쥬란코스메틱,DbGP5tbEuCg,six_times_boy,13613,NULL,NULL,피드
Instagram,리쥬란코스메틱,DbGRTDpD8Ut,yuro_ne,128669,NULL,NULL,피드
Instagram,리쥬란코스메틱,DbGTZWBk0MT,by.jumi,10089,NULL,NULL,피드
Instagram,리쥬란코스메틱,DbH41rAGprc,chnnnn_n,16682,NULL,NULL,피드
Instagram,리쥬란코스메틱,DbH6we9GLy6,1004_binvelyyy,5978,NULL,NULL,피드
Instagram,리쥬란코스메틱,DbH84M5kYwX,nsl_olivia,11897,NULL,NULL,피드
Instagram,리쥬란코스메틱,DbHbjarE6XD,jjuavely,117663,NULL,NULL,피드
Instagram,리쥬란코스메틱,DbHmIb7S5mZ,24oldfency,50659,NULL,NULL,릴스
Instagram,리쥬란코스메틱,DbHnHA_nUXW,moi_vely,34056,NULL,NULL,피드
Instagram,리쥬란코스메틱,DbI08yBEYx6,hongari,114432,NULL,NULL,피드
Instagram,리쥬란코스메틱,DbI1g6ImErT,youzhen2820,181805,NULL,NULL,피드
Instagram,리쥬란코스메틱,DbI2DkeE5Hy,_heozzang,50604,NULL,NULL,피드
Instagram,리쥬란코스메틱,DbI9so6jwP4,michellelee.official,147490,NULL,NULL,피드
Instagram,리쥬란코스메틱,DbIb-WOD4y5,helloyang35,161292,NULL,NULL,피드
Instagram,리쥬란코스메틱,DbIB30ED9Tv,vastcharm,106727,NULL,NULL,피드
Instagram,리쥬란코스메틱,DbIBBM3lNFp,pilasophy_,36312,NULL,NULL,피드
Instagram,리쥬란코스메틱,DbIDiuYD674,aromieunsun,55410,NULL,NULL,피드
Instagram,리쥬란코스메틱,DbIf2R1EQar,younn.e,11308,NULL,NULL,피드
Instagram,리쥬란코스메틱,DbIfrBnkkSb,rabbiteunji_,121231,NULL,NULL,피드
Instagram,리쥬란코스메틱,DbIfW9mkacW,k._.ny,107131,NULL,NULL,피드
Instagram,리쥬란코스메틱,DbIGNsQiT2L,kkkye_,170111,NULL,NULL,피드
Instagram,리쥬란코스메틱,DbIgQxVE59W,hyeoonni,96515,NULL,NULL,피드
Instagram,리쥬란코스메틱,DbIgVjDD2Fx,o___gray,8818,NULL,NULL,피드
Instagram,리쥬란코스메틱,DbIhgEiEgxt,_dearyoo,99817,NULL,NULL,피드
Instagram,리쥬란코스메틱,DbIhlWXEVQ1,from_hanna__,35785,NULL,NULL,피드
Instagram,리쥬란코스메틱,DbIialqjxuk,maegi__,47763,NULL,NULL,피드
Instagram,리쥬란코스메틱,DbIjRLvGfli,yoondhyun,30111,NULL,NULL,피드
Instagram,리쥬란코스메틱,DbIkbZiE5Mv,yea_rang,139122,NULL,NULL,피드
Instagram,리쥬란코스메틱,DbIlKNNHULH,jungeun_son_,32365,NULL,NULL,피드
Instagram,리쥬란코스메틱,DbIlZ3ZGTBV,ryujihoon_,113420,NULL,NULL,피드
Instagram,리쥬란코스메틱,DbIm-LgGCHD,frommoi,63347,NULL,NULL,피드
Instagram,리쥬란코스메틱,DbInigkkw97,ryeya__,10158,NULL,NULL,피드
Instagram,리쥬란코스메틱,DbIo_6JkjMR,dal_ye,54870,NULL,NULL,피드
Instagram,리쥬란코스메틱,DbIOGMiEWQo,chidoong,103056,NULL,NULL,피드
Instagram,리쥬란코스메틱,DbIS8NGk7Uq,inni_in00,15911,NULL,NULL,피드
Instagram,리쥬란코스메틱,DbItOleE--P,layyoung0,11714,NULL,NULL,피드
Instagram,리쥬란코스메틱,DbIwlPICcfK,yeily_ji,22478,NULL,NULL,피드
Instagram,리쥬란코스메틱,DbIYAR9kmDK,pushminda,56278,NULL,NULL,피드
Instagram,리쥬란코스메틱,DbIYcgFk_VS,gyu_rang_,16188,NULL,NULL,피드
Instagram,리쥬란코스메틱,DbIYhBtj4fy,kang_mayo,10568,NULL,NULL,피드
Instagram,리쥬란코스메틱,DbIYJ0aAexu,oli_jin,39431,NULL,NULL,피드
Instagram,리쥬란코스메틱,DbIYWn8j4IS,xx_seoa,29226,NULL,NULL,피드
Instagram,리쥬란코스메틱,DbIZMMdEwwy,__w.oni_,47401,NULL,NULL,피드
Instagram,리쥬란코스메틱,DbJ0paYgb_g,musclemandu_,3171,NULL,NULL,피드
Instagram,리쥬란코스메틱,DbJ0XwVARi6,santa_eunna,12560,NULL,NULL,피드
Instagram,리쥬란코스메틱,DbJ29a_kzCq,lemon.vibe,33831,NULL,NULL,피드
Instagram,리쥬란코스메틱,DbJ3BYskxXb,241o24,9528,NULL,NULL,피드
Instagram,리쥬란코스메틱,DbJ63CNjwRD,runford_,1037,NULL,NULL,피드
Instagram,리쥬란코스메틱,DbJ6J8hAf33,ssong.xi,53763,NULL,NULL,피드
Instagram,리쥬란코스메틱,DbJysqpEl55,aeseon1126,104206,NULL,NULL,피드
Instagram,리쥬란코스메틱,DbK4lqdD1yw,chae.are,20630,NULL,NULL,피드
Instagram,리쥬란코스메틱,DbK7MkBEUJP,k._.ny,107131,NULL,NULL,피드
Instagram,리쥬란코스메틱,DbKAMgCksvd,ji.suun,8023,NULL,NULL,피드
Instagram,리쥬란코스메틱,DbKG-NTCVuY,ingenuehee,66209,NULL,NULL,피드
Instagram,리쥬란코스메틱,DbKIPEQCRtp,188cmm,60436,NULL,NULL,피드
Instagram,리쥬란코스메틱,DbKJU80E1bq,haeundae_run,5257,NULL,NULL,피드
Instagram,리쥬란코스메틱,DbKkgZ2ES5T,violetsuzy,14032,NULL,NULL,피드
Instagram,리쥬란코스메틱,DbKkqCKCZkL,ingenuehee,66209,NULL,NULL,피드
Instagram,리쥬란코스메틱,DbKKu9Ckofq,pushminda,56278,NULL,NULL,피드
Instagram,리쥬란코스메틱,DbKL6YTie5H,blurmyblue,28089,NULL,NULL,피드
Instagram,리쥬란코스메틱,DbKLKZHIDoP,minv__._,16607,NULL,NULL,피드
Instagram,리쥬란코스메틱,DbKnE1jj6Kx,helloyang35,161292,NULL,NULL,피드
Instagram,리쥬란코스메틱,DbKP5CdD1Oe,kang_mayo,10568,NULL,NULL,피드
Instagram,리쥬란코스메틱,DbKPGJ2iSuf,ggallong52,4485,NULL,NULL,피드
Instagram,리쥬란코스메틱,DbKpRKpE8JW,celestial_hhh,100253,NULL,NULL,피드
Instagram,리쥬란코스메틱,DbKs5DaIA-2,songha.sky,53808,NULL,NULL,피드
Instagram,리쥬란코스메틱,DbKsIOSmfNm,ssong.xi,53763,NULL,NULL,피드
Instagram,리쥬란코스메틱,DbKSyywkoxP,slowlifelee,8904,NULL,NULL,피드
Instagram,리쥬란코스메틱,DbKyX-MCR47,188cmm,60436,NULL,NULL,피드
Instagram,리쥬란코스메틱,DbKz-I7AWT-,y_oovely,19311,NULL,NULL,피드
Instagram,리쥬란코스메틱,DbKZKb5k70O,riraa_kim,24603,NULL,NULL,피드
Instagram,리쥬란코스메틱,DbLBxXwmuZ6,woooks_oops,94155,NULL,NULL,피드
Instagram,리쥬란코스메틱,DbLIahFml6_,wo____sl,14696,NULL,NULL,피드
Instagram,리쥬란코스메틱,DbLKtT6jxab,minsuchoi_,29995,NULL,NULL,피드
Instagram,리쥬란코스메틱,DbLYa_tnXEv,jungeun_son_,32365,NULL,NULL,피드
Instagram,리쥬란코스메틱,DbN23EioEhv,mindol_l,77224,NULL,NULL,피드
Instagram,리쥬란코스메틱,DbNL2oCAXG6,leey.zin,104758,NULL,NULL,피드
Instagram,리쥬란코스메틱,DbNnxtwk-g_,gusayee,42627,NULL,NULL,피드
Instagram,리쥬란코스메틱,DbNsrMVGfK-,__hyun._.2,53571,NULL,NULL,피드
Instagram,리쥬란코스메틱,DbPLwG1Je_u,dkladen,NULL,NULL,NULL,릴스
Instagram,리쥬란코스메틱,DbPmG-pNuXH,sodami_119,10144,NULL,NULL,릴스
Instagram,리쥬란코스메틱,DbPw8PlTXcZ,gusdla0908,1570,NULL,NULL,릴스
Instagram,리쥬란코스메틱,DbPyO8rxvzW,its_x_yeseo,117759,NULL,NULL,릴스
Instagram,리쥬란코스메틱,DbQICy8SxCO,syxxny,99873,NULL,NULL,릴스
Instagram,리쥬란코스메틱,DbQOrAGyDUA,groommin,61076,NULL,NULL,릴스
Instagram,리쥬란코스메틱,DbQQ3O2Ssn9,stella.look,50102,NULL,NULL,릴스
Instagram,리쥬란코스메틱,DbQUuScyLLQ,miso_kwon,111630,NULL,NULL,릴스
Instagram,리쥬란코스메틱,DbU-yXaiWBF,con_julie,7377,NULL,NULL,피드
Instagram,리쥬란코스메틱,DbUvWacEtM6,dy_.e,9835,NULL,NULL,피드
Instagram,리쥬란코스메틱,DbVnj9sk4eN,eylimaa,6839,NULL,NULL,피드
Instagram,리쥬란코스메틱,DbVvFfrGR6i,angelashin1122,1434,NULL,NULL,피드
Instagram,리쥬란코스메틱,DbXI-L9ku6j,_eunbinnn_01,4196,NULL,NULL,피드
Instagram,리쥬란코스메틱,DbXxlfiD2W9,hisoodi,12399,NULL,NULL,피드
Instagram,마비스 코리아,DaboqzrvNGT,s2eunni_,21390,NULL,NULL,릴스
Instagram,마비스 코리아,Dar4ejIz10w,ssongtelier,95624,NULL,NULL,릴스
Instagram,마비스 코리아,DbAmKlTk6RR,beauty_yun_,10009,NULL,NULL,피드
Instagram,메디큐브,Da_-IPDJGnf,bae.k_,1772,NULL,NULL,릴스
Instagram,메디큐브,Da_0yx7BO-3,alsdkya,3522,NULL,NULL,릴스
Instagram,메디큐브,Da_1WKSTuPn,soeu_xn,19769,NULL,NULL,릴스
Instagram,메디큐브,Da_v9WthVQV,dn_j_0110,10858,NULL,NULL,릴스
Instagram,메디큐브,Da-GhV3JeWo,dai1young,1311,NULL,NULL,릴스
Instagram,메디큐브,Da-xb3HzH17,by.b_zzu,1010,NULL,NULL,릴스
Instagram,메디큐브,Da0Bb4cBA6R,duudo__,611,NULL,NULL,릴스
Instagram,메디큐브,Da0E_n3zwnO,gimdabbu,8194,NULL,NULL,릴스
Instagram,메디큐브,Da0H84-BkK-,hahahaha.hohohoho,6953,NULL,NULL,릴스
Instagram,메디큐브,Da0LU4HhQVG,kongji_diary,1777,NULL,NULL,릴스
Instagram,메디큐브,Da0VSvlyR6L,skyunge_ootd,3977,NULL,NULL,릴스
Instagram,메디큐브,Da14EVvhqmz,dotoricola,2510,NULL,NULL,릴스
Instagram,메디큐브,Da1sEcdTczZ,hatty._._,6260,NULL,NULL,릴스
Instagram,메디큐브,Da2AxE9BiE-,sxxjjeong,12093,NULL,NULL,릴스
Instagram,메디큐브,Da2ba8XvADP,biya_bright,4791,NULL,NULL,릴스
Instagram,메디큐브,Da2Btw4S2cH,ilovecocoasm,1584,NULL,NULL,릴스
Instagram,메디큐브,Da2cLZ3qycc,b0mn7_,4230,NULL,NULL,릴스
Instagram,메디큐브,Da2d-bFx3Q6,havit.haus,10023,NULL,NULL,릴스
Instagram,메디큐브,Da2dAcxpV6Z,ooohayon,1169,NULL,NULL,릴스
Instagram,메디큐브,Da2dNThpVb5,park_rope,3871,NULL,NULL,릴스
Instagram,메디큐브,Da2Ec26hXxv,1._.yeo,2775,NULL,NULL,릴스
Instagram,메디큐브,Da2et4RM_EX,seovoon,16723,NULL,NULL,릴스
Instagram,메디큐브,Da2FIQIp0k9,by_songvely_,25485,NULL,NULL,릴스
Instagram,메디큐브,Da2hbpYyFTk,bbonum,34468,NULL,NULL,릴스
Instagram,메디큐브,Da2I9glxkSH,yecos.log,1187,NULL,NULL,릴스
Instagram,메디큐브,Da2nnDOJcgq,naeon2_want,703,NULL,NULL,릴스
Instagram,메디큐브,Da2OX5HSkR8,co_beauty_love,1942,NULL,NULL,릴스
Instagram,메디큐브,Da2P6o6Tdv1,sxxz1.n,2325,NULL,NULL,릴스
Instagram,메디큐브,Da2r5fIvtfc,0n_neww,1078,NULL,NULL,릴스
Instagram,메디큐브,Da2RGCZR4Kw,flory.__,15515,NULL,NULL,릴스
Instagram,메디큐브,Da2rxi0BDUm,u.u_11j,1377,NULL,NULL,릴스
Instagram,메디큐브,Da41YRbJnvy,jina.__d,55726,NULL,NULL,릴스
Instagram,메디큐브,Da4x84nhevm,by_s.a.daily,453,NULL,NULL,릴스
Instagram,메디큐브,Da5Ak6DJzut,weheeheeeeeee,7999,NULL,NULL,릴스
Instagram,메디큐브,Da5Et16T71D,weehee__,153552,NULL,NULL,릴스
Instagram,메디큐브,Da5FpSFAnpU,couleur.belle,691,NULL,NULL,릴스
Instagram,메디큐브,Da5HvpAv10B,__glamweare,37511,NULL,NULL,릴스
Instagram,메디큐브,Da5JuwYPhaB,_mingdc,77494,NULL,NULL,릴스
Instagram,메디큐브,Da5KFXAhF9t,ahraking_,6752,NULL,NULL,릴스
Instagram,메디큐브,Da5W2WTzG9M,high_mulgyul,169583,NULL,NULL,릴스
Instagram,메디큐브,Da61xSPpk5F,eon_nyaa,611,NULL,NULL,릴스
Instagram,메디큐브,Da7C1Hiyzug,u.y0ung,7478,NULL,NULL,릴스
Instagram,메디큐브,Da7dpTmpOR4,o1o211,171835,NULL,NULL,릴스
Instagram,메디큐브,Da7eZ60v6ib,gxwxxn_,944,NULL,NULL,릴스
Instagram,메디큐브,Da7gRLGPCRI,ji_yn_,3783,NULL,NULL,릴스
Instagram,메디큐브,Da7hSzEzTVY,pur4ose,5189,NULL,NULL,릴스
Instagram,메디큐브,Da7RqgGpS2z,yeonwoooleee,2697,NULL,NULL,릴스
Instagram,메디큐브,Da8BICIBd_M,jimm__jimmni,4523,NULL,NULL,릴스
Instagram,메디큐브,DaaL_8AqXox,queeenjennny,5572,NULL,NULL,릴스
Instagram,메디큐브,Dab9iGOSCXn,youb_nouncer,2940,NULL,NULL,릴스
Instagram,메디큐브,DacCawnuEZ5,kazehiikaru,3418,NULL,NULL,릴스
Instagram,메디큐브,Dacf3rSJ2AO,_joon__e,61142,NULL,NULL,릴스
Instagram,메디큐브,DacGRk0vDyb,hyun___nn,1286,NULL,NULL,릴스
Instagram,메디큐브,DackR9ZprCI,onyu_52,5443,NULL,NULL,릴스
Instagram,메디큐브,DacO-mczl3J,mj_activity.zip,1411,NULL,NULL,릴스
Instagram,메디큐브,DacsU50M0lN,min.it_co,2457,NULL,NULL,릴스
Instagram,메디큐브,DaefBLKxJrW,_woojung_lee,10380,NULL,NULL,릴스
Instagram,메디큐브,DaelSkaBiKy,hi_mozzi,18940,NULL,NULL,릴스
Instagram,메디큐브,DaeS2rFTWJO,miaon___b,203296,NULL,NULL,릴스
Instagram,메디큐브,DaevTk-PvPa,daehaksang__a,2585,NULL,NULL,릴스
Instagram,메디큐브,DaeZoOGPNoF,__glamweare,37511,NULL,NULL,릴스
Instagram,메디큐브,Daf1xgGI48F,sugarose_motd,12261,NULL,NULL,릴스
Instagram,메디큐브,Daf8wu0ox8t,beauty.obsessed.girlie,NULL,NULL,NULL,릴스
Instagram,메디큐브,DafaOAHJ1Wn,commayeri,1153,NULL,NULL,릴스
Instagram,메디큐브,DafbEc0yQB3,jeeesilver,7320,NULL,NULL,릴스
Instagram,메디큐브,DafEWmbS9ym,4rang4rang4rang4rang,58264,NULL,NULL,릴스
Instagram,메디큐브,DafGESglNzX,h2ling_daily,3418,NULL,NULL,피드
Instagram,메디큐브,DafGkQvy2GD,filmsseuim__,12212,NULL,NULL,릴스
Instagram,메디큐브,DafrDhdJn6W,solseom_,14508,NULL,NULL,릴스
Instagram,메디큐브,DafVlbYT3xi,killer_yoon,36214,NULL,NULL,릴스
Instagram,메디큐브,Dag4iU-JuI6,yeopopopo,15957,NULL,NULL,릴스
Instagram,메디큐브,Dah-qgUSd5O,yeonny0118,16857,NULL,NULL,릴스
Instagram,메디큐브,Dah8SMahTPa,itsdamiduck,40031,NULL,NULL,릴스
Instagram,메디큐브,Dahazzztywk,tineeezii,53278,NULL,NULL,릴스
Instagram,메디큐브,DahClluznl_,so______it,2001,NULL,NULL,릴스
Instagram,메디큐브,DahmqYQTiey,euz.yn,2202,NULL,NULL,릴스
Instagram,메디큐브,DahvkxUzQkc,_nayomi___,9918,NULL,NULL,릴스
Instagram,메디큐브,Daj7JtivLs-,haileyes_,39594,NULL,NULL,릴스
Instagram,메디큐브,Dak6wuuhykU,b._.eolhc,1030,NULL,NULL,릴스
Instagram,메디큐브,Dakc6oShguL,heyheonn,2510,NULL,NULL,릴스
Instagram,메디큐브,DakfhQABOEj,youasi_0.0,4320,NULL,NULL,릴스
Instagram,메디큐브,DakiWVoMxVC,okju_gram,74378,NULL,NULL,릴스
Instagram,메디큐브,Dakj1PDT7qT,uhwa_beauty,47303,NULL,NULL,릴스
Instagram,메디큐브,DakLs0TTYvw,hyedori_motd,2150,NULL,NULL,릴스
Instagram,메디큐브,DakoHb2T0DQ,2yeppi._,1156,NULL,NULL,릴스
Instagram,메디큐브,DakP-nPhqmZ,_loveunc,119278,NULL,NULL,릴스
Instagram,메디큐브,DaktBdGzQhq,hyeri_jjj,4771,NULL,NULL,릴스
Instagram,메디큐브,DakWOFBgGnY,skin_rxu,1224,NULL,NULL,릴스
Instagram,메디큐브,DakX1zNJcIo,chaexju,85093,NULL,NULL,릴스
Instagram,메디큐브,DakYLPjy-0a,yehwaaa,937,NULL,NULL,릴스
Instagram,메디큐브,Dal3Nn8BgH3,zzzdoo,34806,NULL,NULL,릴스
Instagram,메디큐브,Dalyus5SHnh,lhyzleexoxo,8789,NULL,NULL,릴스
Instagram,메디큐브,Dam0bn9hCv6,j.ha_h,1533,NULL,NULL,릴스
Instagram,메디큐브,Dam46xRxMWc,__yujinberry__,1336,NULL,NULL,릴스
Instagram,메디큐브,Dam6bKLxK9S,cheche.z3,1623,NULL,NULL,릴스
Instagram,메디큐브,Dam74HqzGXI,mxnj.xng,10296,NULL,NULL,릴스
Instagram,메디큐브,Dama3cHRgv4,eunichu,30107,NULL,NULL,릴스
Instagram,메디큐브,DamBBB-hHyY,sena__cho,57987,NULL,NULL,릴스
Instagram,메디큐브,DamMh3apLwO,meow_yewon,156564,NULL,NULL,릴스
Instagram,메디큐브,DamoM6HRFTP,mimi_lee__,10025,NULL,NULL,릴스
Instagram,메디큐브,DamrtaIK80v,s__hv.s2,1904,NULL,NULL,릴스
Instagram,메디큐브,DamuSiFlPVT,hae._.ni,27049,NULL,NULL,피드
Instagram,메디큐브,DanIIOSyAdg,o1yo3e,752,NULL,NULL,릴스
Instagram,메디큐브,DanJDZcB-qq,j._.aen,118048,NULL,NULL,릴스
Instagram,메디큐브,DanJN2EvudJ,tppdus,3415,NULL,NULL,릴스
Instagram,메디큐브,DanLOo9JCC7,hx.zzi__,2457,NULL,NULL,릴스
Instagram,메디큐브,DanLYS4y0St,mlzzi,35839,NULL,NULL,릴스
Instagram,메디큐브,DanNMBLzSxj,na_0yy,21727,NULL,NULL,릴스
Instagram,메디큐브,DanNpmIzs2I,shuniiyou,101945,NULL,NULL,릴스
Instagram,메디큐브,Daoj_3ZzQCu,12011v1,1852,NULL,NULL,릴스
Instagram,메디큐브,DaOtJmdSRqq,sera_mami,23816,NULL,NULL,피드
Instagram,메디큐브,DaOuREBBeru,j_jennytale,10359,NULL,NULL,릴스
Instagram,메디큐브,DaOymcKNo-4,dailyzxan,1098,NULL,NULL,릴스
Instagram,메디큐브,DaP0Yw6izDX,fairy_t1e,49597,NULL,NULL,릴스
Instagram,메디큐브,DaP4t2Vz8jI,yun21jy,1495,NULL,NULL,릴스
Instagram,메디큐브,DaP7mfJJlhO,kkwakxi,461,NULL,NULL,릴스
Instagram,메디큐브,DaPoImUhk9y,ellie._.cos,2330,NULL,NULL,릴스
Instagram,메디큐브,DaPuNKSpIpR,seoooazi,8080,NULL,NULL,릴스
Instagram,메디큐브,DaQDdx2z13j,o_ys_lly,3755,NULL,NULL,릴스
Instagram,메디큐브,DaQUtlgIF3V,zearnzn_,16010,NULL,NULL,릴스
Instagram,메디큐브,Dar7-CXJ7Ot,_yeonxs,1292,NULL,NULL,릴스
Instagram,메디큐브,DarAntghfMk,baby_suelbi,81720,NULL,NULL,릴스
Instagram,메디큐브,DaritI1ApTR,lovemanikita,NULL,NULL,NULL,릴스
Instagram,메디큐브,DaRvFiORbBi,bins2y,3554,NULL,NULL,릴스
Instagram,메디큐브,DaSbyhpPIyj,yijinnnn.nn,5456,NULL,NULL,릴스
Instagram,메디큐브,DaScLVCBYEI,jpg._.world,1948,NULL,NULL,릴스
Instagram,메디큐브,DaSketPJNOd,mkparchive,1198,NULL,NULL,릴스
Instagram,메디큐브,DaSOGzolBW8,q.lab_mag,28278,NULL,NULL,피드
Instagram,메디큐브,DaSP2Gwv4OU,yeseul0104,186456,NULL,NULL,릴스
Instagram,메디큐브,DaSP3aFhY6u,nueuxx,3992,NULL,NULL,릴스
Instagram,메디큐브,DaSWtQ7ygVD,softlightskin.room,790,NULL,NULL,릴스
Instagram,메디큐브,DaSZqrEhMFB,79sa2_,1644,NULL,NULL,릴스
Instagram,메디큐브,Dat7tSKvTAq,kong_picks,15219,NULL,NULL,릴스
Instagram,메디큐브,Datu0Ncz2N5,sharphan_activity,4391,NULL,NULL,릴스
Instagram,메디큐브,DaU1cTfyk2U,coco_oring,1403,NULL,NULL,릴스
Instagram,메디큐브,Dau3LDPS5n4,binnastagram,128671,NULL,NULL,릴스
Instagram,메디큐브,DaU4dsxShq_,lufam_192124,58609,NULL,NULL,릴스
Instagram,메디큐브,Dau4JXZTOR2,myugeunzee,7664,NULL,NULL,릴스
Instagram,메디큐브,Dau7h4-BFPc,hayasi_days,NULL,NULL,NULL,릴스
Instagram,메디큐브,DauAlS7oFYo,dab_inzzang,37803,NULL,NULL,릴스
Instagram,메디큐브,DaUcOs9TsC0,jueunkang._.0505,657,NULL,NULL,릴스
Instagram,메디큐브,DaUd3T2kp3c,sonho.archives,4921,NULL,NULL,피드
Instagram,메디큐브,DaUFhpiB871,binibininnn,93588,NULL,NULL,릴스
Instagram,메디큐브,Dauj570zeGi,5ffb2t.exe,1059,NULL,NULL,릴스
Instagram,메디큐브,DaUk0PeDxzN,yuntmm_,1273,NULL,NULL,피드
Instagram,메디큐브,DaUm7kfTqjQ,jenjenn.___,50405,NULL,NULL,릴스
Instagram,메디큐브,DauohI-Ji-2,orxrlo,964,NULL,NULL,릴스
Instagram,메디큐브,DauPHx9SOmX,c.eee.z,4865,NULL,NULL,릴스
Instagram,메디큐브,DaupvCoT1Jh,hjimin_176,17691,NULL,NULL,릴스
Instagram,메디큐브,DauqkGjyzfG,juxeo_n,2032,NULL,NULL,릴스
Instagram,메디큐브,DauQr0lxM-1,juicemoon_daily,763,NULL,NULL,릴스
Instagram,메디큐브,DaUtsIYOhoX,100_noh,49495,NULL,NULL,릴스
Instagram,메디큐브,DauVx0LO_mG,gingna0,10728,NULL,NULL,릴스
Instagram,메디큐브,DaUwzZqS-gg,iibnueey,503,NULL,NULL,릴스
Instagram,메디큐브,DauX3GhRHvs,gozerolee,745,NULL,NULL,릴스
Instagram,메디큐브,DauxxudhHhJ,ounhyen,759,NULL,NULL,릴스
Instagram,메디큐브,DaVAqijJQk3,chi_ka_yu_,959,NULL,NULL,릴스
Instagram,메디큐브,DaVD58EAYs-,c.ring_cos,1812,NULL,NULL,릴스
Instagram,메디큐브,DaVFsm5vIFM,havit.haus,10023,NULL,NULL,릴스
Instagram,메디큐브,DaVUW2eSBGC,whyamicrying.uu,2567,NULL,NULL,릴스
Instagram,메디큐브,DaVV15mSgQ4,kyg.beauty,1099,NULL,NULL,릴스
Instagram,메디큐브,DaVXH2DAnKz,crysthaal,5872,NULL,NULL,릴스
Instagram,메디큐브,Daw0azOzuYR,heenaax,717,NULL,NULL,릴스
Instagram,메디큐브,Daw1j1MyleW,jjh_h0o0,5176,NULL,NULL,릴스
Instagram,메디큐브,Daw5B9pgBhC,energetic_cherim,12336,NULL,NULL,릴스
Instagram,메디큐브,Dawd7qIze9c,enjoy_nyong,5975,NULL,NULL,릴스
Instagram,메디큐브,DaxcO79Bfqb,darcie.j,290045,NULL,NULL,릴스
Instagram,메디큐브,DaxD-uCp_F_,soongartz,870,NULL,NULL,릴스
Instagram,메디큐브,DaxGbsGPAMC,ro_seeeey,1027,NULL,NULL,릴스
Instagram,메디큐브,DaxHovxTTQE,muv.vv00,13022,NULL,NULL,릴스
Instagram,메디큐브,DaxkqOZB_KE,jii__log,835,NULL,NULL,릴스
Instagram,메디큐브,DaxN4TnOOZ7,m0klin,7473,NULL,NULL,릴스
Instagram,메디큐브,DaxQeC_Tm5Y,shuniiyou,101945,NULL,NULL,릴스
Instagram,메디큐브,DaxR7x2BRY5,s.umdays,3890,NULL,NULL,릴스
Instagram,메디큐브,DaxSxFPPoHN,kocoyeah,1481,NULL,NULL,릴스
Instagram,메디큐브,DaxTYzgJ79y,5.26_w,43397,NULL,NULL,릴스
Instagram,메디큐브,DaxU4HCBWd2,11.3bin,50622,NULL,NULL,릴스
Instagram,메디큐브,DaXWDPuymgK,bunny_roong,45953,NULL,NULL,릴스
Instagram,메디큐브,Day4Sxwua3p,jujuyaksa,2863,NULL,NULL,릴스
Instagram,메디큐브,Day9HNMy-sf,hellocherry_strawberry,4386,NULL,NULL,릴스
Instagram,메디큐브,Day9K5ZgV3-,lovemanikita,NULL,NULL,NULL,릴스
Instagram,메디큐브,Daz1XAuSsiY,banglazed__,48398,NULL,NULL,릴스
Instagram,메디큐브,Daz5FbzJZMQ,rloxrna,161414,NULL,NULL,릴스
Instagram,메디큐브,Daz5gdoh9DS,u_____luv.mi,8601,NULL,NULL,릴스
Instagram,메디큐브,DazEMJRpILH,phosphenye,1505,NULL,NULL,릴스
Instagram,메디큐브,DazG7_iJ_nn,jixoo_zip,8337,NULL,NULL,릴스
Instagram,메디큐브,DazGdywu9mU,zzangwwkd,3233,NULL,NULL,릴스
Instagram,메디큐브,DazIya-S0ai,happ__nea425,4467,NULL,NULL,릴스
Instagram,메디큐브,DazjU9ATmoJ,chaeon1y,1876,NULL,NULL,릴스
Instagram,메디큐브,DazL78ys2LS,grrrt_at_home,1654,NULL,NULL,릴스
Instagram,메디큐브,DazqDLpIu51,dayminng,1829,NULL,NULL,릴스
Instagram,메디큐브,Dazs3FTvUr1,zisu_19,15742,NULL,NULL,릴스
Instagram,메디큐브,DaztIFtRovP,tangmoment_n,7082,NULL,NULL,릴스
Instagram,메디큐브,DazvmYXTgjh,hp_makeup.kr,114669,NULL,NULL,릴스
Instagram,메디큐브,DazXfxOzAYU,bakedalmond,1027,NULL,NULL,릴스
Instagram,메디큐브,DazxhPJht13,jinnewdesu,48115,NULL,NULL,릴스
Instagram,메디큐브,DazxLgIJXst,o5e2ing,11991,NULL,NULL,릴스
Instagram,메디큐브,DazyrE4Jylx,yeonlechexe,372993,NULL,NULL,릴스
Instagram,메디큐브,Dba2Yf_PlJO,kangrim.archive,3306,NULL,NULL,릴스
Instagram,메디큐브,DbA5CB_TiV0,heygenny12,2663,NULL,NULL,릴스
Instagram,메디큐브,DbAA4Q0yPVo,jjuya___min,32946,NULL,NULL,릴스
Instagram,메디큐브,DbaaFrdhq0e,marchichii.ii,7061,NULL,NULL,릴스
Instagram,메디큐브,DbaanGlBw6y,seom1nky,99893,NULL,NULL,릴스
Instagram,메디큐브,DbAcR6bPlEP,apieceoflueur,NULL,NULL,NULL,릴스
Instagram,메디큐브,DbAEuPLhHI2,se0jin_j0,837,NULL,NULL,릴스
Instagram,메디큐브,DbAhM5MBgXR,jimm__jimmni,4523,NULL,NULL,릴스
Instagram,메디큐브,Dbaho62vhx6,2xxn_2,2828,NULL,NULL,릴스
Instagram,메디큐브,DbahONANR2U,hjimmmy,54392,NULL,NULL,릴스
Instagram,메디큐브,DbaiGHgPsPh,0lzlm1n,1503,NULL,NULL,릴스
Instagram,메디큐브,DbAj6u5vit5,_soyoon2,1715,NULL,NULL,릴스
Instagram,메디큐브,DbAkalDyj4i,myung_taeng_bnd,4306,NULL,NULL,릴스
Instagram,메디큐브,DbakFukyLXC,makemeruru,1198,NULL,NULL,릴스
Instagram,메디큐브,DbAkmLQTBMj,mininiimini,6445,NULL,NULL,릴스
Instagram,메디큐브,Dbalh1EpYfw,pilanaeun_,7331,NULL,NULL,릴스
Instagram,메디큐브,DbamCnRx3bf,x.chiey.exe,1965,NULL,NULL,릴스
Instagram,메디큐브,Dbao2V4yJgd,akieuni,30536,NULL,NULL,릴스
Instagram,메디큐브,DbAohMGTzc-,k0ke0n,1149,NULL,NULL,릴스
Instagram,메디큐브,DbaoXHZS1WS,daindanni,40495,NULL,NULL,릴스
Instagram,메디큐브,DbAs88DB9-l,off__after,5594,NULL,NULL,릴스
Instagram,메디큐브,DbAsQ0WvQnl,bbutti__e,2371,NULL,NULL,릴스
Instagram,메디큐브,DbAu7Iqy5QQ,j1_n_.0,1323,NULL,NULL,릴스
Instagram,메디큐브,DbAVmZjxKjq,dduuu_house,9996,NULL,NULL,릴스
Instagram,메디큐브,DbAwasQy8Yz,___0___20___21,10381,NULL,NULL,릴스
Instagram,메디큐브,DbAwwBrJA2S,tia.meee,13535,NULL,NULL,릴스
Instagram,메디큐브,DbAXGUbzU51,dazzle__805,1314,NULL,NULL,릴스
Instagram,메디큐브,DbAxYQTtIo_,cherryme_p,4674,NULL,NULL,릴스
Instagram,메디큐브,DbbAS-1Phay,sol_miey,1323,NULL,NULL,릴스
Instagram,메디큐브,DbBFykBhinI,gt2001_313,24176,NULL,NULL,릴스
Instagram,메디큐브,DbBHhPYvjRP,m__elated,2388,NULL,NULL,릴스
Instagram,메디큐브,DbBMFYiRKXq,cconte__yiseol,1163,NULL,NULL,릴스
Instagram,메디큐브,DbBNP0Rhz1h,gnarrllly,1426,NULL,NULL,릴스
Instagram,메디큐브,DbBPDGQv8WW,yeonavu,4991,NULL,NULL,릴스
Instagram,메디큐브,Dbbtr5zJdYg,sena_je0ng,9163,NULL,NULL,릴스
Instagram,메디큐브,DbC_L-_v9ii,im_drizzle_,1070,NULL,NULL,릴스
Instagram,메디큐브,Dbc1z7oRWOx,jisoo_kkang,4717,NULL,NULL,릴스
Instagram,메디큐브,Dbc3X5TpHX4,217_boniiii,9503,NULL,NULL,릴스
Instagram,메디큐브,DbC47UfvTZ1,leebkum,154889,NULL,NULL,릴스
Instagram,메디큐브,Dbc4p-OC-hn,one_hxx,188670,NULL,NULL,릴스
Instagram,메디큐브,DbC9nFWTBwH,taeseob_a,2592,NULL,NULL,릴스
Instagram,메디큐브,Dbc9nvJg50g,skin_rxu,1224,NULL,NULL,릴스
Instagram,메디큐브,DbCbwBZTlYp,jibgayon,2911,NULL,NULL,릴스
Instagram,메디큐브,DbCghTrT3Zm,ryu_lio_,5470,NULL,NULL,릴스
Instagram,메디큐브,DbcKQaLhqxi,anha_motd,42483,NULL,NULL,릴스
Instagram,메디큐브,Dbcl6S3vGzD,ang__toa,17643,NULL,NULL,릴스
Instagram,메디큐브,DbcMME9JcSJ,odo_beauty_life,5330,NULL,NULL,릴스
Instagram,메디큐브,DbcMzXho9U6,sxuxzyn,1001,NULL,NULL,릴스
Instagram,메디큐브,DbcwI65PhHe,mozzisia,1219,NULL,NULL,릴스
Instagram,메디큐브,DbCyJp9TxTY,yunseul._,10883,NULL,NULL,릴스
Instagram,메디큐브,DbcztD8S4aw,p04840,7580,NULL,NULL,릴스
Instagram,메디큐브,DbD3_F3pn3D,minisojin_,53510,NULL,NULL,릴스
Instagram,메디큐브,DbDAW3KhmvY,more_jungmin,3287,NULL,NULL,릴스
Instagram,메디큐브,DbDay_TNiug,rosienyang_,2661,NULL,NULL,릴스
Instagram,메디큐브,DbDdHEBRa2n,_woojung_lee,10380,NULL,NULL,릴스
Instagram,메디큐브,DbDdLSmCpXF,j_hyunee_o,313,NULL,NULL,릴스
Instagram,메디큐브,DbDfipouhBH,uomos_w,1086,NULL,NULL,릴스
Instagram,메디큐브,DbDgRWWy5lY,so.___.0,6787,NULL,NULL,릴스
Instagram,메디큐브,DbDhZe4IhX-,m2ydam,18041,NULL,NULL,릴스
Instagram,메디큐브,DbDIMVOpV16,mini.morere,1114,NULL,NULL,릴스
Instagram,메디큐브,DbDP9PqzuPc,payforyouth_,2602,NULL,NULL,릴스
Instagram,메디큐브,DbDTroXT1yo,bommnya,1016,NULL,NULL,릴스
Instagram,메디큐브,DbDY_rMzlFy,0a.0919,3802,NULL,NULL,릴스
Instagram,메디큐브,DbE4t1gTIKx,1.009kg,8061,NULL,NULL,릴스
Instagram,메디큐브,DbF-xNMpGl4,2miin.a,23126,NULL,NULL,릴스
Instagram,메디큐브,DbF9dz3sJai,kkang_wooni,11247,NULL,NULL,릴스
Instagram,메디큐브,DbFejMez9rt,hyerin._.i,1410,NULL,NULL,릴스
Instagram,메디큐브,DbFI6Myv-FW,ruru_beauty_k,31226,NULL,NULL,릴스
Instagram,메디큐브,DbFLQJmKIQt,j_yg__log,1911,NULL,NULL,릴스
Instagram,메디큐브,DbFMOu7JRjF,seoyeon_je,3872,NULL,NULL,릴스
Instagram,메디큐브,DbFoKK3x3Uv,x.onix_,22899,NULL,NULL,릴스
Instagram,메디큐브,DbGATGaoYy5,bohyunz,3538,NULL,NULL,릴스
Instagram,메디큐브,DbGCkcQyVdP,un_zippp,3548,NULL,NULL,릴스
Instagram,메디큐브,DbGESNeT_34,he33eo,56706,NULL,NULL,릴스
Instagram,메디큐브,DbGO3pwSbPt,oonnimoments,11020,NULL,NULL,릴스
Instagram,메디큐브,DbHoRjpPF7o,octopus__h,46780,NULL,NULL,릴스
Instagram,메디큐브,DbI4BB6zUUK,hyeri_jjj,4771,NULL,NULL,릴스
Instagram,메디큐브,DbIbcBNyLOO,idy__llic_._,1151,NULL,NULL,릴스
Instagram,메디큐브,DbIfWM7vN1i,bov.mon,9496,NULL,NULL,릴스
Instagram,메디큐브,DbIgdSDzPG_,bbi__ip,2633,NULL,NULL,릴스
Instagram,메디큐브,DbIh1dzCp0V,j__h_young,103859,NULL,NULL,릴스
Instagram,메디큐브,DbIN-0ZS8XE,yummsoojin,3378,NULL,NULL,릴스
Instagram,메디큐브,DbINzY8ti4f,ha._.gyoung,5768,NULL,NULL,릴스
Instagram,메디큐브,DbIpg9cpqrf,riiveuwr,1316,NULL,NULL,릴스
Instagram,메디큐브,DbISsJgRHFt,h_h_ee_,6530,NULL,NULL,릴스
Instagram,메디큐브,DbItuhHBMle,li_jjyuuu,4950,NULL,NULL,릴스
Instagram,메디큐브,DbIvibkxNy-,cconte__yiseol,1163,NULL,NULL,릴스
Instagram,메디큐브,DbK-4b3PRnx,babsuny___,2190,NULL,NULL,릴스
Instagram,메디큐브,DbK4ki7R4ZF,da_beautye,2499,NULL,NULL,릴스
Instagram,메디큐브,DbK80dSz8da,dear._.chai,1520,NULL,NULL,릴스
Instagram,메디큐브,DbKaFTAyeh3,suum_nyy,720,NULL,NULL,릴스
Instagram,메디큐브,DbKVgTQRx7P,chb1216,1219,NULL,NULL,릴스
Instagram,메디큐브,DbKxGGwRoqh,chxeexn.k,5425,NULL,NULL,릴스
Instagram,메디큐브,DbKXSR5TZJf,daroroom,3506,NULL,NULL,릴스
Instagram,메디큐브,DbKyVlch30c,hyunjinc_,12148,NULL,NULL,릴스
Instagram,메디큐브,DbLAcSXpAfI,euteamuuo,43450,NULL,NULL,릴스
Instagram,메디큐브,DbLFVExBD90,shalom__peace,4133,NULL,NULL,릴스
Instagram,메디큐브,DbLJA4hpl_j,yuroso_boram,1974,NULL,NULL,릴스
Instagram,메디큐브,DbLMDrTB0qY,hy__ssi,175908,NULL,NULL,릴스
Instagram,메디큐브,DbLQ21ryWld,jrose_kk,258984,NULL,NULL,릴스
Instagram,메디큐브,DbLW_s8PVJR,serenitybyirene,144424,NULL,NULL,릴스
Instagram,메디큐브,DbNbRz7RuES,sena__cho,57987,NULL,NULL,릴스
Instagram,메디큐브,DbP_FZIJh2g,beep0_beep0_,19353,NULL,NULL,릴스
Instagram,메디큐브,DbPHW_uh57N,dwith_dani,2009,NULL,NULL,릴스
Instagram,메디큐브,DbPiz-qqcG8,backtothefutureeev,89242,NULL,NULL,릴스
Instagram,메디큐브,DbPWSQmpHvJ,_lablanc,112808,NULL,NULL,릴스
Instagram,메디큐브,DbPxwAETZBh,haaiyarn,1017,NULL,NULL,릴스
Instagram,메디큐브,DbQfjjDJrgN,sylvani_yan,7455,NULL,NULL,릴스
Instagram,메디큐브,DbQHAiDqreP,areumsongee,451161,NULL,NULL,릴스
Instagram,메디큐브,DbR_nC8MoVE,sodam._.baby,2695,NULL,NULL,릴스
Instagram,메디큐브,DbR9c_cSEhs,buildingsales,15577,NULL,NULL,릴스
Instagram,메디큐브,DbS-6zlzheR,jiaa_aann,4109,NULL,NULL,릴스
Instagram,메디큐브,DbS9MWtzzUt,zzang.kori,1894,NULL,NULL,릴스
Instagram,메디큐브,DbSFYkJTu4W,2do_luv,6225,NULL,NULL,릴스
Instagram,메디큐브,DbSs0gbJ2b9,_j__unni,36202,NULL,NULL,릴스
Instagram,메디큐브,DbSsJsAJhN0,yeb1n_100,158138,NULL,NULL,릴스
Instagram,메디큐브,DbSvg6hy3oJ,ljyoon_,5912,NULL,NULL,릴스
Instagram,메디큐브,DbSwwzvy6lw,eat_ddunghye,1514,NULL,NULL,릴스
Instagram,메디큐브,DbTA-m9hfDG,delphiiiniiium,40911,NULL,NULL,릴스
Instagram,메디큐브,DbTBEuKKle4,pinkberribbon,2283,NULL,NULL,릴스
Instagram,메디큐브,DbTcL4kz29p,kitsch._h,2642,NULL,NULL,릴스
Instagram,메디큐브,DbU_cfdvLx0,bel._.lissa,2703,NULL,NULL,릴스
Instagram,메디큐브,DbUdQ0koZ1v,peachyha__,2485,NULL,NULL,릴스
Instagram,메디큐브,DbUnma6T3bM,lookslike__hyemin,1253,NULL,NULL,릴스
Instagram,메디큐브,DbUpL9IStzr,ryarya__k,957,NULL,NULL,릴스
Instagram,메디큐브,DbVECFQpC-1,webelongmama,38205,NULL,NULL,릴스
Instagram,메디큐브,DbVF1N4RSAJ,eunb_yul2,27647,NULL,NULL,릴스
Instagram,메디큐브,DbVFOggBLqA,happy_nup,1528,NULL,NULL,릴스
Instagram,메디큐브,DbVfUYryhF-,_ddu.on,15725,NULL,NULL,릴스
Instagram,메디큐브,DbVgganS2fx,yurichristmas,10407,NULL,NULL,릴스
Instagram,메디큐브,DbVgumNT7kU,ssunoo.d,15213,NULL,NULL,릴스
Instagram,메디큐브,DbVRCm9vay0,jis0.0_b,1899,NULL,NULL,릴스
Instagram,메디큐브,DbVRmQ9haHO,yune.collect,12435,NULL,NULL,릴스
Instagram,메디큐브,DbVRPvUvFwQ,comme_de_x,384116,NULL,NULL,릴스
Instagram,메디큐브,DbVt_Yagmg4,_d.dan.y_,1114,NULL,NULL,릴스
Instagram,메디큐브,DbVVGEXBxZ-,bellina_cos_,2084,NULL,NULL,릴스
Instagram,메디큐브,DbVYpZtpJ0H,mzkmoon25,2877,NULL,NULL,릴스
Instagram,메디큐브,DbVZj4FzYh1,hyeonemon,72536,NULL,NULL,릴스
Instagram,메디큐브,DbX-3YQJ4SS,kimyoojin.n,280134,NULL,NULL,릴스
Instagram,메디큐브,DbX7stcBGv1,iamur_jane,13934,NULL,NULL,릴스
Instagram,메디큐브,DbXERcFy_W5,luv_.vely,1305,NULL,NULL,릴스
Instagram,메디큐브,DbXgraruUwK,bbangsa.run,2525,NULL,NULL,릴스
Instagram,메디큐브,DbXI7-jzWU1,zomi_zom_,8589,NULL,NULL,릴스
Instagram,메디큐브,DbXkxMqz5qa,today._.pick,1185,NULL,NULL,릴스
Instagram,메디큐브,DbYA4oxSl_k,ryeon__9,1614,NULL,NULL,릴스
Instagram,메디큐브,DbYDB_4MrV1,meryzian,17856,NULL,NULL,릴스
Instagram,메디큐브,DbYEIMOT6nf,soojung0407,160697,NULL,NULL,릴스
Instagram,메디큐브,DbYLS-3TJgm,i.im__h,4215,NULL,NULL,릴스
Instagram,메디큐브,DbYN0arSFYT,_99_eun,1285,NULL,NULL,릴스
Instagram,메디큐브,DbZihzQzwhh,_soun.k,3825,NULL,NULL,릴스
Instagram,메디큐브,DbZvKj7vGGq,hirin__yl,142765,NULL,NULL,릴스
Instagram,미쟝센,Da18lNav-Gv,orig.ginal,112454,NULL,NULL,릴스
Instagram,미쟝센,Da7QBHusiAS,seosum,334663,NULL,NULL,릴스
Instagram,미쟝센,DachUPfHGym,inssa__note,58735,NULL,NULL,피드
Instagram,미쟝센,DachV5PCMjj,unni__note,67747,NULL,NULL,피드
Instagram,미쟝센,DachWp2CtsD,onl_tip,36464,NULL,NULL,피드
Instagram,미쟝센,DachXVPjn1s,unni_tip_insta,49667,NULL,NULL,피드
Instagram,미쟝센,Dar9ng8v7yX,boyuum,194219,NULL,NULL,릴스
Instagram,미쟝센,DauXOdVTUaz,leesosom,65974,NULL,NULL,릴스
Instagram,미쟝센,DaXiAUJJ1QV,iove_cosmetic,39910,NULL,NULL,릴스
Instagram,미쟝센,DaXJ_QBEusB,all.about.20s,657234,NULL,NULL,피드
Instagram,미쟝센,DaXJ-6rjk_a,un_ni_tip,506296,NULL,NULL,피드
Instagram,미쟝센,DaXJ-fhj2Ei,unni_list,255435,NULL,NULL,피드
Instagram,미쟝센,DaXJ-rCFw7d,honey__list,165897,NULL,NULL,피드
Instagram,미쟝센,DaZ1oYBHQGs,feed__beauty,78097,NULL,NULL,피드
Instagram,미쟝센,DaZ1qKqDlz1,feed_korea,110734,NULL,NULL,피드
Instagram,미쟝센,DaZ1rxxCuw4,good_tip_gallery,153822,NULL,NULL,피드
Instagram,미쟝센,DaZ1sf4jB5V,onl_what_do_,100289,NULL,NULL,피드
Instagram,미쟝센,DbFvTpQxO1A,dlaowls__,194290,NULL,NULL,릴스
Instagram,비플레인,Da__oaKzqxm,leesummer_make.up,1086,NULL,NULL,릴스
Instagram,비플레인,Da_khF1zZea,hazzi_motd,21372,NULL,NULL,릴스
Instagram,비플레인,Da-aQJdzXHq,mnkyen,2942,NULL,NULL,릴스
Instagram,비플레인,Da0RLU3zimR,_euuunjii,1960,NULL,NULL,릴스
Instagram,비플레인,Da2-nJzKEHW,___dewwww,828,NULL,NULL,릴스
Instagram,비플레인,Da2c3fzvZJp,belle._.lara,51717,NULL,NULL,릴스
Instagram,비플레인,Da2e_hahtmk,yoonble_,8865,NULL,NULL,릴스
Instagram,비플레인,Da48D1uzt8J,soyppi,35329,NULL,NULL,릴스
Instagram,비플레인,Da49_6FSI28,daindanni,40495,NULL,NULL,릴스
Instagram,비플레인,Da4uM9-j5XP,lejiyou.ha,102075,NULL,NULL,릴스
Instagram,비플레인,Da5Ot23vsRS,h_ye_rin,6210,NULL,NULL,릴스
Instagram,비플레인,Da77ptNq7Ck,soan.ekl,7039,NULL,NULL,릴스
Instagram,비플레인,Da788bMPkLY,5xo1yxong_,27104,NULL,NULL,릴스
Instagram,비플레인,Da78pLkyTaW,jjh_h0o0,5176,NULL,NULL,릴스
Instagram,비플레인,Da7Mtlly6B_,i___m_rim,1778,NULL,NULL,릴스
Instagram,비플레인,Da9XWvZRY4r,keephyo.__.x,4702,NULL,NULL,릴스
Instagram,비플레인,DacgsizpPIx,yungss.archive,38349,NULL,NULL,릴스
Instagram,비플레인,DacI3rkpRqx,indolented_h,42974,NULL,NULL,릴스
Instagram,비플레인,DacuS-6ptc0,inhaboogi,19759,NULL,NULL,릴스
Instagram,비플레인,DafLO7yzntH,wiscodus,19106,NULL,NULL,릴스
Instagram,비플레인,Dah1oYpTJ-m,little_objet,60883,NULL,NULL,릴스
Instagram,비플레인,Dahq0UBi878,one_hxx,188670,NULL,NULL,릴스
Instagram,비플레인,DaP1g32SXct,dano_day,157988,NULL,NULL,릴스
Instagram,비플레인,DaPpR0kDLUg,beautyplmagazine,2051439,NULL,NULL,피드
Instagram,비플레인,DaSODGXES9K,yeribuu,8812,NULL,NULL,릴스
Instagram,비플레인,DaUsAa4B2LD,_alt_epper_tteok,53310,NULL,NULL,릴스
Instagram,비플레인,DaVAenRJN-s,in_the_swimmingpool,1252,NULL,NULL,릴스
Instagram,비플레인,DavBRBeR7xn,2byeolmii_,159160,NULL,NULL,릴스
Instagram,비플레인,DaVjCPEieV0,liryonni,913425,NULL,NULL,릴스
Instagram,비플레인,DawfDoORzuI,di_amont,10011,NULL,NULL,릴스
Instagram,비플레인,DaxaceSvht7,sserendibliss,97125,NULL,NULL,릴스
Instagram,비플레인,Daz2-VhKfHF,___dewwww,828,NULL,NULL,릴스
Instagram,비플레인,Daz6ff0x59v,park_pearl,7216,NULL,NULL,릴스
Instagram,비플레인,DazMwfRRBX-,i.im__h,4215,NULL,NULL,릴스
Instagram,비플레인,DazRlWKhGXh,angmondxx,10501,NULL,NULL,릴스
Instagram,비플레인,DbA3PihuVmy,_yling._.b,6844,NULL,NULL,릴스
Instagram,비플레인,DbAb-JnzcZy,_sesamesalt,64712,NULL,NULL,릴스
Instagram,비플레인,Dbaf_2wv44p,chammy_you,1786,NULL,NULL,릴스
Instagram,비플레인,DbAio_WT7-1,hyemin__09,66982,NULL,NULL,릴스
Instagram,비플레인,DbANJGyPcSz,minibeauty___,19982,NULL,NULL,릴스
Instagram,비플레인,DbAtnSzyu7F,jjh_h0o0,5176,NULL,NULL,릴스
Instagram,비플레인,DbBAVIYpA_Q,k__gani,45661,NULL,NULL,릴스
Instagram,비플레인,DbBJfyDRhv4,mindaylee_,860087,NULL,NULL,릴스
Instagram,비플레인,DbbOKtph6Ba,summerglowess,36458,NULL,NULL,릴스
Instagram,비플레인,DbCJgvdzIe4,chaewonsays,115150,NULL,NULL,릴스
Instagram,비플레인,Dbckcasz5o9,yoo_bim,11248,NULL,NULL,릴스
Instagram,비플레인,DbcZHKuzHyE,z2yooon,1828,NULL,NULL,릴스
Instagram,비플레인,DbDb2w8TxV_,dasoxo_,1761,NULL,NULL,릴스
Instagram,비플레인,DbDhFgQg0iD,ga.nnig,4605,NULL,NULL,릴스
Instagram,비플레인,DbEUi7pyFce,mimi_lee__,10025,NULL,NULL,릴스
Instagram,비플레인,DbFnLyQBcgm,_alt_epper_tteok,53310,NULL,NULL,릴스
Instagram,비플레인,DbIMaVGy7Vt,da._.gang2,5856,NULL,NULL,릴스
Instagram,비플레인,DbKPOzaBJ2Q,juicy._.life_,7237,NULL,NULL,릴스
Instagram,비플레인,DbMl09Tgd_r,powderroom.event,32195,NULL,NULL,피드
Instagram,비플레인,DbSvIway0a4,peachcrush__,50480,NULL,NULL,릴스
Instagram,비플레인,DbXeQPJTnOi,ssaemthing,50178,NULL,NULL,릴스
Instagram,비플레인,DbZ_rz_zFcx,minibeauty___,19982,NULL,NULL,릴스
Instagram,비플레인,DbZq9oTzAs_,12.18_xox,121207,NULL,NULL,릴스
Instagram,설화수,Da_6gAjkgfV,ddoobinii,17960,NULL,NULL,피드
Instagram,설화수,Da-UAEwEvQN,ssugi_7,16680,NULL,NULL,피드
Instagram,설화수,Da0R0bazcec,itshappyniday,11278,NULL,NULL,릴스
Instagram,설화수,Da2C4KjxYuz,im_peridot_ny,2126,NULL,NULL,릴스
Instagram,설화수,Da2Qd74kygm,jennyhomemood,20270,NULL,NULL,피드
Instagram,설화수,Da7NuNuiQn3,sinae_zip,6703,NULL,NULL,피드
Instagram,설화수,DaaSFDlFBBn,chaey17,90487,NULL,NULL,피드
Instagram,설화수,DaaSPN_ExQ0,yonakeem,9037,NULL,NULL,피드
Instagram,설화수,DaaTFLBAbUx,dewscovery,88203,NULL,NULL,피드
Instagram,설화수,Dab35-3v_vN,mam__z,24188,NULL,NULL,릴스
Instagram,설화수,Dab6EhbT5Nv,j_merry_j,36867,NULL,NULL,릴스
Instagram,설화수,Dabm6yRga_r,wooseunghada,31559,NULL,NULL,피드
Instagram,설화수,DabwQxJE6aR,chaerrier,83543,NULL,NULL,피드
Instagram,설화수,Dacn3LqD9zp,helloyang35,161292,NULL,NULL,피드
Instagram,설화수,DadCi5tGitC,_ssjy,17061,NULL,NULL,피드
Instagram,설화수,DadOF2ZHYo_,_vinachu_,21786,NULL,NULL,피드
Instagram,설화수,Daflo7bI0fp,onefinej,3953,NULL,NULL,릴스
Instagram,설화수,Dahn9uumWYs,vi0424ola__,82680,NULL,NULL,피드
Instagram,설화수,DaiCOJlk-xu,hayunnlee_,18436,NULL,NULL,피드
Instagram,설화수,DaNwHcREngj,blair_in_seoul,56985,NULL,NULL,피드
Instagram,설화수,DaNzavITT8n,eunjinn.k,2256,NULL,NULL,릴스
Instagram,설화수,DaO2aMij7nr,aromieunsun,55410,NULL,NULL,피드
Instagram,설화수,DaO38JbToca,juwon331,3361,NULL,NULL,릴스
Instagram,설화수,DaPAdeBmRub,ji_aeeeez,100743,NULL,NULL,피드
Instagram,설화수,DaPMpGaS_eC,hanzysun,2538,NULL,NULL,릴스
Instagram,설화수,DaPnPylTzM_,hanna.ming,237587,NULL,NULL,릴스
Instagram,설화수,DaPodOcE3Bx,casa__missa,15247,NULL,NULL,피드
Instagram,설화수,DaPRvAancoY,didkciskks,7108,NULL,NULL,피드
Instagram,설화수,DaQcsn8ktL8,k_lifeculture,13408,NULL,NULL,피드
Instagram,설화수,DaQHSRLJ1oH,reehae1215,96852,NULL,NULL,릴스
Instagram,설화수,DarjBW5iVHD,daily_simby,16129,NULL,NULL,피드
Instagram,설화수,DaRRar3T1qA,seoul_hyunjeong,20301,NULL,NULL,릴스
Instagram,설화수,DaS7BK5Sk9h,amourming_,6478,NULL,NULL,릴스
Instagram,설화수,DaSDuKfD0yj,sweetb_db,100088,NULL,NULL,피드
Instagram,설화수,DaSiv8rkdvY,bbb__164,14858,NULL,NULL,피드
Instagram,설화수,DaskZkImxoH,minsunmaro,29071,NULL,NULL,피드
Instagram,설화수,DaSWQk_KLud,xeo_rin,36229,NULL,NULL,릴스
Instagram,설화수,DaUWj7aGBs2,amon_zip,2095,NULL,NULL,피드
Instagram,설화수,DaVPNI9ShJq,093.118,22302,NULL,NULL,릴스
Instagram,설화수,DaVY8MBGKk5,spring.two_,5661,NULL,NULL,피드
Instagram,설화수,DaWMOk4THGN,daily_simby,16129,NULL,NULL,릴스
Instagram,설화수,DaX3NTvmhay,reehae1215,96852,NULL,NULL,피드
Instagram,설화수,DaXb-NICUna,yu_rrri,24053,NULL,NULL,피드
Instagram,설화수,DaXC8QkTnzr,tyoangelin,10558,NULL,NULL,릴스
Instagram,설화수,DbA_V0zpFfQ,juwon331,3361,NULL,NULL,릴스
Instagram,설화수,DbA0h-5iX7U,1.009kg,8061,NULL,NULL,피드
Instagram,설화수,Dba646EvjWm,analog_park_,23297,NULL,NULL,릴스
Instagram,설화수,DbA86qrPuV-,from.grain,1771,NULL,NULL,릴스
Instagram,설화수,DbAeHAUmhAd,eunvely_park,23720,NULL,NULL,피드
Instagram,설화수,DbAfuCxD2gf,thesoulofseoulblog,22811,NULL,NULL,피드
Instagram,설화수,DbaJh1pRgZU,vi0424ola__,82680,NULL,NULL,릴스
Instagram,설화수,Dbat1ExR4c5,ji_eong_yi,5950,NULL,NULL,릴스
Instagram,설화수,DbAyMkQGOvY,zip_mag,142416,NULL,NULL,피드
Instagram,설화수,DbAyVFYBoq3,0_0_ssson,7450,NULL,NULL,릴스
Instagram,설화수,DbBGUZLk4Fp,k.dandan,5279,NULL,NULL,피드
Instagram,설화수,DbBNpL4j7hk,seola._,2492,NULL,NULL,피드
Instagram,설화수,DbBPcy1CTLy,da._.jane__,1822,NULL,NULL,피드
Instagram,설화수,DbBRpw0mrtz,eunjinn.k,2256,NULL,NULL,피드
Instagram,설화수,DbBT_LJIEMl,onefinej,3953,NULL,NULL,릴스
Instagram,설화수,Dbc-ZlxEcVS,lucir.kr,47360,NULL,NULL,피드
Instagram,설화수,Dbcd3Jyj71b,mam__z,24188,NULL,NULL,피드
Instagram,설화수,DbCex_1JzvW,looksso0,111888,NULL,NULL,릴스
Instagram,설화수,DbcpBv-AT-n,mango_please,2521,NULL,NULL,피드
Instagram,설화수,DbDa4f_CQD5,daily_simby,16129,NULL,NULL,피드
Instagram,설화수,DbDbqPryAi8,casa__missa,15247,NULL,NULL,릴스
Instagram,설화수,DbGWcwTPKAw,aromieunsun,55410,NULL,NULL,릴스
Instagram,어노브,Da-S0SFM18S,lilyforet_,59549,NULL,NULL,릴스
Instagram,어노브,Da-Sc8-veEW,jiyeoniizi,394280,NULL,NULL,릴스
Instagram,어노브,Da0BC3WyYE7,kwak.mid,1702,NULL,NULL,릴스
Instagram,어노브,Da0J7mMygbG,avely_,24831,NULL,NULL,릴스
Instagram,어노브,Da0VMJ-Tvrr,allsu_777,91650,NULL,NULL,릴스
Instagram,어노브,Da1fvzPPDA0,yusenii,3180,NULL,NULL,릴스
Instagram,어노브,Da1rsWnyjuU,gniiiiiii_,1479,NULL,NULL,릴스
Instagram,어노브,DaaDGNkzNgw,wiscodus,19106,NULL,NULL,릴스
Instagram,어노브,Dac6zrak_jQ,yoelbeii,12264,NULL,NULL,피드
Instagram,어노브,DacV3ldE3jO,_yeonjuice_,34730,NULL,NULL,피드
Instagram,어노브,DadB812Eygn,seoji72,109592,NULL,NULL,피드
Instagram,어노브,Dahslt6E3Fz,chaeee222,2387,NULL,NULL,피드
Instagram,어노브,Dau0JPPkqC4,babekikigirl,4872,NULL,NULL,피드
Instagram,어노브,DbDT9BUpgF4,kwak.mid,1702,NULL,NULL,릴스
Instagram,어노브,DbF1uarB-Bi,youasi_0.0,4320,NULL,NULL,릴스
Instagram,어노브,DbF85F2SfX2,jadeeu__,104077,NULL,NULL,릴스
Instagram,어노브,DbFuDPMtFCF,s0lsols0l,78114,NULL,NULL,릴스
Instagram,어노브,DbHU3i0zcSf,by_.minseo,56930,NULL,NULL,릴스
Instagram,어노브,DbIEnv9ulVx,ifour_i4,135483,NULL,NULL,릴스
Instagram,어노브,DbK5EcKTHlg,avely_,24831,NULL,NULL,릴스
Instagram,어노브,DbNtJEZzKnq,y.hyein,398973,NULL,NULL,릴스
Instagram,어노브,DbPr6GCRKM5,gnedu_u,132340,NULL,NULL,릴스
Instagram,어노브,DbPzbDyv3sh,0rzrmces,32682,NULL,NULL,릴스
Instagram,어노브,DbQNFdrz0Iq,fthwng,10987,NULL,NULL,릴스
Instagram,어노브,DbS7UjqyobW,xgyeon,233463,NULL,NULL,릴스
Instagram,어노브,DbSpA_STTn1,_yeonjuice_,34730,NULL,NULL,릴스
Instagram,어노브,DbVfcOizoj-,heboc_,10653,NULL,NULL,릴스
Instagram,어노브,DbVUW6wSTwO,0oxdhi,34065,NULL,NULL,릴스
Instagram,어노브,DbVyZ2wTCEA,m4tcha.nn,NULL,NULL,NULL,릴스
Instagram,어노브,DbXdZezIFT1,judang.p,1779,NULL,NULL,피드
Instagram,에스쁘아,Da-kHbhH5jm,romantic_routine,4260,NULL,NULL,피드
Instagram,에스쁘아,Da-Smwjn3KS,blairs_diary,2239,NULL,NULL,피드
Instagram,에스쁘아,Da2TykSE386,yesmetic,1561,NULL,NULL,피드
Instagram,에스쁘아,Da4s876P8ZL,may._.mew,403458,NULL,NULL,릴스
Instagram,에스쁘아,Da5JkDPnyD9,no___one.x,6045,NULL,NULL,피드
Instagram,에스쁘아,Da7cZACyzwj,memoexp,2157,NULL,NULL,릴스
Instagram,에스쁘아,Da8JG8MRxqy,juwon331,3361,NULL,NULL,릴스
Instagram,에스쁘아,Da9rwzSkglB,lee_______hee,1509,NULL,NULL,피드
Instagram,에스쁘아,DaaAHVCEiJO,yulia_xuu,31404,NULL,NULL,피드
Instagram,에스쁘아,DaaDljzD8TZ,gimme.a.sunday,1394,NULL,NULL,피드
Instagram,에스쁘아,DaaOeRHvA6z,_mingdc,77494,NULL,NULL,릴스
Instagram,에스쁘아,Dab1u9HKUpH,gyong_motd,60306,NULL,NULL,릴스
Instagram,에스쁘아,Dab5cXixz39,sena__cho,57987,NULL,NULL,릴스
Instagram,에스쁘아,Dac0pT6yMA7,gxexx16,85194,NULL,NULL,릴스
Instagram,에스쁘아,DaccwVvyEk0,subbemii,10469,NULL,NULL,릴스
Instagram,에스쁘아,Daci36nTK72,u__girin,15573,NULL,NULL,릴스
Instagram,에스쁘아,DacJ2TYD82_,173.01,90962,NULL,NULL,피드
Instagram,에스쁘아,DacjxwPT63L,uxzic_,34195,NULL,NULL,릴스
Instagram,에스쁘아,DacjY1ImdWD,rabbiitluv,42559,NULL,NULL,피드
Instagram,에스쁘아,Dacm2YCJMwO,aiso.aaiso,12026,NULL,NULL,릴스
Instagram,에스쁘아,DacpT2ZhaJE,handy_j,60990,NULL,NULL,릴스
Instagram,에스쁘아,DacQwXpzImt,join_o.o,68025,NULL,NULL,릴스
Instagram,에스쁘아,Dacs0o8zpVs,suu.ful,129927,NULL,NULL,릴스
Instagram,에스쁘아,DacYKMXzSiH,dustmothjini,23864,NULL,NULL,릴스
Instagram,에스쁘아,DacZ7EmPcM_,4_white_eyes,63042,NULL,NULL,릴스
Instagram,에스쁘아,DafTEPTzWQc,xiu_xuan_,2062,NULL,NULL,릴스
Instagram,에스쁘아,Dahzipfx87d,summyis,126457,NULL,NULL,릴스
Instagram,에스쁘아,DaiAjwuJZDm,kongsook__,45195,NULL,NULL,릴스
Instagram,에스쁘아,DalRF6uma0C,parkkodeok,8335,NULL,NULL,피드
Instagram,에스쁘아,DanUpZdH16I,jangboramm,2018,NULL,NULL,피드
Instagram,에스쁘아,DaO1gARCQjd,minssunykim,45394,NULL,NULL,피드
Instagram,에스쁘아,DaO1h0wyydG,zoody_o0,20341,NULL,NULL,릴스
Instagram,에스쁘아,DaPhlwZSni3,__.seunghyun.__,23876,NULL,NULL,릴스
Instagram,에스쁘아,DaPKfo5zLTu,chaeeanny,55108,NULL,NULL,릴스
Instagram,에스쁘아,DaQSSzISOKs,subbemii,10469,NULL,NULL,릴스
Instagram,에스쁘아,DaVcoGQGTpu,salgubeauty,4667,NULL,NULL,피드
Instagram,에스쁘아,DaZ_HBxmjaE,jinmi_diana,73844,NULL,NULL,피드
Instagram,에스쁘아,DaZx7h5vnwn,be_llo_z,10692,NULL,NULL,릴스
Instagram,에스쁘아,DbAw54oiflk,dear.caecae,5218,NULL,NULL,피드
Instagram,에스쁘아,DbBEfAxJ_Au,crescent_ouo,7745,NULL,NULL,릴스
Instagram,에스쁘아,DbC_Rw4iTLA,cos_mimmi,5890,NULL,NULL,피드
Instagram,에스쁘아,DbI3h0Lvbb1,sunscat_,6262,NULL,NULL,릴스
Instagram,에스쁘아,DbIak0Exd5b,0on.mush,53064,NULL,NULL,릴스
Instagram,에스쁘아,DbIS0AKtT5R,ssong158cm,66701,NULL,NULL,릴스
Instagram,에스쁘아,DbISp_IRwQE,naragram_,18384,NULL,NULL,릴스
Instagram,에스쁘아,DbSuW8BKjJ7,glow_endy,1966,NULL,NULL,릴스
Instagram,에스쁘아,DbX9V_hzOAa,howmuch_beauty,35005,NULL,NULL,릴스
Instagram,에스트라,Da0Dn-rJ0yQ,zyyunmm,28732,NULL,NULL,릴스
Instagram,에스트라,Da0EOL_S0SP,jay_jai_e,40882,NULL,NULL,릴스
Instagram,에스트라,Da2CRAbx8p4,ss_ungnii,25970,NULL,NULL,릴스
Instagram,에스트라,Da4Fqy0z4xR,ssiggeul._.moon,10535,NULL,NULL,릴스
Instagram,에스트라,Da4OsT4y_bx,groommin,61076,NULL,NULL,릴스
Instagram,에스트라,DaaAKPfPE4P,j.luvw,10047,NULL,NULL,릴스
Instagram,에스트라,Daaf9hxsXcE,so1_e,12400,NULL,NULL,릴스
Instagram,에스트라,DaagWI3mWr6,pil_0807,3635,NULL,NULL,피드
Instagram,에스트라,DaaiTBQy3JL,taeyeon_0204,10942,NULL,NULL,릴스
Instagram,에스트라,Dac_vGfPbjD,dodos_table,1694,NULL,NULL,릴스
Instagram,에스트라,Dac4CUthXDB,only_for_me_33,6386,NULL,NULL,릴스
Instagram,에스트라,Dac72j_vsQm,rimmi92,18783,NULL,NULL,릴스
Instagram,에스트라,Dac77LZplxX,spoiler_kkul,13831,NULL,NULL,릴스
Instagram,에스트라,Dac7iCbzngy,hwee_makeup,2196,NULL,NULL,릴스
Instagram,에스트라,Dac8JwmS7LZ,chaaaeuns2,39268,NULL,NULL,릴스
Instagram,에스트라,DacdLRSyCjP,102years,3891,NULL,NULL,릴스
Instagram,에스트라,DacigiJSfqD,yel_ins,9624,NULL,NULL,릴스
Instagram,에스트라,Dacij7KhQG8,itsjennyhyun,29190,NULL,NULL,릴스
Instagram,에스트라,DacpPZ_xrf-,o_m0121,2121,NULL,NULL,릴스
Instagram,에스트라,DacRAGIyhLp,binio_o,4953,NULL,NULL,릴스
Instagram,에스트라,DacvxdsvqLO,iamyeaji__,12766,NULL,NULL,릴스
Instagram,에스트라,DadDw4jzMet,life_gra1,25310,NULL,NULL,릴스
Instagram,에스트라,DadEcjmvkBf,eunkyul_11,146137,NULL,NULL,릴스
Instagram,에스트라,DadEW3uTywn,petit_estj,6810,NULL,NULL,릴스
Instagram,에스트라,DadFTTvTmaj,dabine_e_,20089,NULL,NULL,릴스
Instagram,에스트라,DadHGXiSyw5,kangdanbii,2358,NULL,NULL,릴스
Instagram,에스트라,DadIdxlPGWy,sourire_lange,1563,NULL,NULL,릴스
Instagram,에스트라,DadJPhET7UB,taekyeong_lily,2948,NULL,NULL,릴스
Instagram,에스트라,DadJRQnT5ST,_shuvely_mom,57785,NULL,NULL,릴스
Instagram,에스트라,DadN3iLytf-,sia_yooon,43872,NULL,NULL,릴스
Instagram,에스트라,DadT9xlveWK,jiiinww,5666,NULL,NULL,릴스
Instagram,에스트라,Dae2vL6zjXf,taekyeong_lily,2948,NULL,NULL,릴스
Instagram,에스트라,DaeNxydSn3r,lovely_dudong,6833,NULL,NULL,릴스
Instagram,에스트라,DaeVm_2TEFJ,uhyeoniz,36656,NULL,NULL,릴스
Instagram,에스트라,DafxW2uz6QN,l.am.chaechae,9570,NULL,NULL,릴스
Instagram,에스트라,Dag_2KStcuP,yuris__c,42877,NULL,NULL,릴스
Instagram,에스트라,DaiHDxsAI4Z,rearin.designer,26302,NULL,NULL,릴스
Instagram,에스트라,DaiHgT_JSfG,we_r_febru,9445,NULL,NULL,릴스
Instagram,에스트라,DajOwf5TD97,rireyoung,101244,NULL,NULL,릴스
Instagram,에스트라,Dak_4CDyog9,oonnimoments,11020,NULL,NULL,릴스
Instagram,에스트라,Dakrq0khaHT,rang9__,22363,NULL,NULL,릴스
Instagram,에스트라,DakRUoBP7d4,hyunha_,77865,NULL,NULL,릴스
Instagram,에스트라,DakV3izT5zR,review_hee_,13504,NULL,NULL,릴스
Instagram,에스트라,Dal-3M4SG98,miso_kwon,111630,NULL,NULL,릴스
Instagram,에스트라,Dal1KQ-Tdfj,foxltldk83,96994,NULL,NULL,릴스
Instagram,에스트라,Dal3M1iSONx,aggieku0201,204513,NULL,NULL,릴스
Instagram,에스트라,Dam3hwLzJXh,o_sovely,71793,NULL,NULL,릴스
Instagram,에스트라,DamGBqhNU9S,jenvly,52869,NULL,NULL,릴스
Instagram,에스트라,DamGjGuvTZf,aa_deary,64218,NULL,NULL,릴스
Instagram,에스트라,DamH211zikY,hyemin__09,66982,NULL,NULL,릴스
Instagram,에스트라,DamHsB9J3NW,jian_spring,149772,NULL,NULL,릴스
Instagram,에스트라,DamJtC1RtAw,yj_____07.08,69101,NULL,NULL,릴스
Instagram,에스트라,DamOiJzTFG8,iamsoey,15107,NULL,NULL,릴스
Instagram,에스트라,DamRHfbp2Ru,48kcal,21308,NULL,NULL,릴스
Instagram,에스트라,DanGLcSNqYj,wannabin_fl,101230,NULL,NULL,릴스
Instagram,에스트라,DaO0O97BFiv,role_p1,16032,NULL,NULL,릴스
Instagram,에스트라,Dao3DJkor4L,luvye__,22380,NULL,NULL,릴스
Instagram,에스트라,DaO92TqS3rB,yoon.koon,100845,NULL,NULL,릴스
Instagram,에스트라,DaogSxkTdDr,belle._.lara,51717,NULL,NULL,릴스
Instagram,에스트라,DaovCkfx2Yt,hjj_starry__cos,14623,NULL,NULL,릴스
Instagram,에스트라,DapBcBVTL6_,93._.ssu,12553,NULL,NULL,릴스
Instagram,에스트라,DapFSRVv6ub,han_sol.p,30856,NULL,NULL,릴스
Instagram,에스트라,DaPg4jcRbK9,yoonji_1228,17014,NULL,NULL,릴스
Instagram,에스트라,DaPOa85pAbg,beep0_beep0_,19353,NULL,NULL,릴스
Instagram,에스트라,DapsnfuyZxU,hyemida__a,176287,NULL,NULL,릴스
Instagram,에스트라,Dapt4c0zKaW,iffyssi,25408,NULL,NULL,릴스
Instagram,에스트라,DaPuazYNR1U,yoonsseya,94263,NULL,NULL,릴스
Instagram,에스트라,Daq-qxASiF_,loej.loej_,119811,NULL,NULL,릴스
Instagram,에스트라,DaQIYahzToV,mydmyd,93495,NULL,NULL,릴스
Instagram,에스트라,DaRrwwOzXch,aaa_reum,53825,NULL,NULL,릴스
Instagram,에스트라,DarvTvQxpod,eunichu,30107,NULL,NULL,릴스
Instagram,에스트라,DaSicNVS26y,hyedini_sim,139861,NULL,NULL,릴스
Instagram,에스트라,DaSIubDySAh,soheee._.y,115051,NULL,NULL,릴스
Instagram,에스트라,DaSR2jbSq4t,buginezip,30179,NULL,NULL,릴스
Instagram,에스트라,DaSsgAXOrGx,jieuniya_0.0,12714,NULL,NULL,릴스
Instagram,에스트라,DaU2dfFPG3c,jimm_inii,8428,NULL,NULL,릴스
Instagram,에스트라,DaUGZQChxXv,jjina_27,5971,NULL,NULL,릴스
Instagram,에스트라,DauwJnwhsjF,_xee.a,9139,NULL,NULL,릴스
Instagram,에스트라,DauzRTWxgvo,gracemj._.k,13377,NULL,NULL,릴스
Instagram,에스트라,DaVxb5MEpve,beomi2022,6204,NULL,NULL,피드
Instagram,에스트라,Daw7YthRu_b,_jjuyam_,26535,NULL,NULL,릴스
Instagram,에스트라,DaWmmNeJQo5,eunbeeing1216,13262,NULL,NULL,릴스
Instagram,에스트라,DaX1mh_zXQN,goeun_beauty,10368,NULL,NULL,릴스
Instagram,에스트라,DaxABvPxyO0,_xee.a,9139,NULL,NULL,릴스
Instagram,에스트라,DaxfzLvBvhb,___minkkong,14466,NULL,NULL,릴스
Instagram,에스트라,DaxIduSp0_d,mydais2y,12998,NULL,NULL,릴스
Instagram,에스트라,DaxIS6ZxRdl,boo_rookie,36423,NULL,NULL,릴스
Instagram,에스트라,DaxklaLPx-5,hwangdog_daily,11966,NULL,NULL,릴스
Instagram,에스트라,DaxKWIYOzND,na.archive_zip,3498,NULL,NULL,릴스
Instagram,에스트라,DaxLemBRtf3,geuneul.zip,27133,NULL,NULL,릴스
Instagram,에스트라,Daxm7dgz5MI,mingsoo_yoo,27322,NULL,NULL,릴스
Instagram,에스트라,DaxOuWGTZP2,maju_daek,20446,NULL,NULL,릴스
Instagram,에스트라,DaxPOcZy1zi,nyong_zzi,17574,NULL,NULL,릴스
Instagram,에스트라,DaxRrnmgQNo,allme_day,99933,NULL,NULL,릴스
Instagram,에스트라,DaXuomJPV6c,ssoothing_98,101535,NULL,NULL,릴스
Instagram,에스트라,DaxvFTUJzK5,nyny0226,86153,NULL,NULL,릴스
Instagram,에스트라,DaxYmAYMZ7g,chamsaeeee,3437,NULL,NULL,릴스
Instagram,에스트라,DaXZc_MvGl9,sserendibliss,97125,NULL,NULL,릴스
Instagram,에스트라,Day7NNJTgAx,vi0424ola__,82680,NULL,NULL,릴스
Instagram,에스트라,Daz_DjaTcvS,soo_dayo2,229110,NULL,NULL,릴스
Instagram,에스트라,Daz-BPohOVB,lxxsoyou,16407,NULL,NULL,릴스
Instagram,에스트라,Daz4ATjRhFK,02._days,52101,NULL,NULL,릴스
Instagram,에스트라,DazK-8XvDii,ruru_beauty_k,31226,NULL,NULL,릴스
Instagram,에스트라,DazQY8Jxo2d,from_hanna__,35785,NULL,NULL,릴스
Instagram,에스트라,DbI4HuYGVXc,s.hun2328,7716,NULL,NULL,피드
Instagram,에스트라,DbIWSnPxa5S,dik_e26,4437,NULL,NULL,릴스
Instagram,에스트라,DbPrTsJoIw-,syjuknow,10414,NULL,NULL,피드
Instagram,에스트라,DbYhotsj-mT,sara851130,4336,NULL,NULL,피드
Instagram,에스트라,DbYYSdqOFB3,dr.michaelpark,274096,NULL,NULL,릴스
Instagram,에스티로더,Da0HMRej78l,chocolat_makeup,1323,NULL,NULL,피드
Instagram,에스티로더,Da0jersgcZ7,haileyhyonihan,68133,NULL,NULL,피드
Instagram,에스티로더,Da0M1LWz69M,j.hyun_only,19951,NULL,NULL,릴스
Instagram,에스티로더,Da0SX75H5YT,ujoonote,69814,NULL,NULL,피드
Instagram,에스티로더,Da0Up0yiady,jjeong.oee,14610,NULL,NULL,피드
Instagram,에스티로더,Da2D-JXkVie,heeyuu__,10344,NULL,NULL,피드
Instagram,에스티로더,Da2EDynke6o,mihee0331_,92295,NULL,NULL,피드
Instagram,에스티로더,Da2v-zkkzgC,mydmyd,93495,NULL,NULL,피드
Instagram,에스티로더,Da2Xb73gRFu,deagul_deagul,66423,NULL,NULL,피드
Instagram,에스티로더,Da459Y9oznx,pkchaeyu,103653,NULL,NULL,릴스
Instagram,에스티로더,Da45LZAznJ6,moonjihae_,59525,NULL,NULL,릴스
Instagram,에스티로더,Da5eRkiCY9T,yeon5853,42141,NULL,NULL,피드
Instagram,에스티로더,Dab9BGQkkBs,sobbi_lips,41648,NULL,NULL,피드
Instagram,에스티로더,DacnGEqTXv0,leesosom,65974,NULL,NULL,릴스
Instagram,에스티로더,DacyCToy_AA,somaukim,81151,NULL,NULL,릴스
Instagram,에스티로더,Dacyw1NTTZ6,hyeoonni,96515,NULL,NULL,릴스
Instagram,에스티로더,DadJFXGKL6P,elifbaldann,274705,NULL,NULL,릴스
Instagram,에스티로더,Dae9ge_kdIl,meltingmin,58374,NULL,NULL,피드
Instagram,에스티로더,DaeVVr_AfjC,unakyom,66346,NULL,NULL,릴스
Instagram,에스티로더,DahzrbWRX1j,hongari,114432,NULL,NULL,릴스
Instagram,에스티로더,Dak0MF5CU3E,soyoungirl,58021,NULL,NULL,피드
Instagram,에스티로더,Dak3cUhAQZg,2222222hj,28701,NULL,NULL,피드
Instagram,에스티로더,Dak8ytkiTPe,kkimsuzy,50493,NULL,NULL,피드
Instagram,에스티로더,DakEoSNExxX,eve_noh_,23237,NULL,NULL,피드
Instagram,에스티로더,Dam7AJpH1ot,ellekorea,4589452,NULL,NULL,피드
Instagram,에스티로더,DamDPRqzRkd,itsdamiduck,40031,NULL,NULL,릴스
Instagram,에스티로더,DanD1DIEXqE,bornonthebeach_,18393,NULL,NULL,피드
Instagram,에스티로더,DaOk9t7KKAx,mikaylajmakeup,3411415,NULL,NULL,릴스
Instagram,에스티로더,Dar-SU0yBHj,vidafeelizz,126326,NULL,NULL,릴스
Instagram,에스티로더,DaR0WVHyExw,buildingsales,15577,NULL,NULL,릴스
Instagram,에스티로더,Dau4uO4PaoR,hyoni_m_up,121021,NULL,NULL,릴스
Instagram,에스티로더,DaU5cd7uOwm,ellekorea,4589452,NULL,NULL,릴스
Instagram,에스티로더,DaURI5ek3AG,haengy,31072,NULL,NULL,피드
Instagram,에스티로더,DauUzn-EZ0h,hey_rinchan,49199,NULL,NULL,피드
Instagram,에스티로더,DauXwWHCYnV,__laura.gil,90615,NULL,NULL,피드
Instagram,에스티로더,DauyThkiQav,jian_spring,149772,NULL,NULL,피드
Instagram,에스티로더,DavBhfmj7YN,juhyee_,64053,NULL,NULL,피드
Instagram,에스티로더,DaVHbIvM9m8,coalcoal_00,23242,NULL,NULL,릴스
Instagram,에스티로더,DavNKcUCTFJ,seo_han0216,71411,NULL,NULL,피드
Instagram,에스티로더,DaW1W3ADEk_,newsourcemag,481161,NULL,NULL,피드
Instagram,에스티로더,Daw90pyk55_,angelwhite79,107108,NULL,NULL,피드
Instagram,에스티로더,DawkAGrSSl-,da._.woooooon,68877,NULL,NULL,릴스
Instagram,에스티로더,DawpdpqoJDx,iaheun,15329,NULL,NULL,피드
Instagram,에스티로더,DawW-k4CeFH,25artist_sy,17641,NULL,NULL,피드
Instagram,에스티로더,DawWI5NGA6d,black_russian0,83704,NULL,NULL,피드
Instagram,에스티로더,DaxbfHWmMsl,nsykiki,48273,NULL,NULL,피드
Instagram,에스티로더,DaxdZ-nE2uu,heydays12,14783,NULL,NULL,피드
Instagram,에스티로더,DaxexivEwNm,lady_minong,55255,NULL,NULL,피드
Instagram,에스티로더,DaxFYF2BlJg,ariuhx,130938,NULL,NULL,릴스
Instagram,에스티로더,DaxhGNJmt_L,jinmi_diana,73844,NULL,NULL,피드
Instagram,에스티로더,DaxjdtHE0wj,onewoori,193586,NULL,NULL,피드
Instagram,에스티로더,DaxnR9fktvY,leeram1118,7487,NULL,NULL,피드
Instagram,에스티로더,DaxvNDIElpl,aripoo7,197854,NULL,NULL,피드
Instagram,에스티로더,DaxWYN5jzy9,19xx.07.27,97620,NULL,NULL,피드
Instagram,에스티로더,DaxxP4lk2Eb,loveit_beauty,15200,NULL,NULL,피드
Instagram,에스티로더,DaxxV_1oN1-,yoonji_1228,17014,NULL,NULL,피드
Instagram,에스티로더,Day7LNVCR_e,yxxy_u,79494,NULL,NULL,피드
Instagram,에스티로더,Daz9oJeiTiU,melba_x,86277,NULL,NULL,피드
Instagram,에스티로더,DaziMZPBQxk,ayay_e2,38665,NULL,NULL,릴스
Instagram,에스티로더,DazkB5jEYgy,jjeong.oee,14610,NULL,NULL,피드
Instagram,에스티로더,DazsDvijyRs,juhyee_,64053,NULL,NULL,피드
Instagram,에스티로더,Dazva_fEtn2,_parkha,64912,NULL,NULL,피드
Instagram,에스티로더,DazZgF3EV5i,hongcha_gh,28113,NULL,NULL,피드
Instagram,에스티로더,DbAD2yAGgmU,summa_babe_,55600,NULL,NULL,피드
Instagram,에스티로더,DbASL-xpn8V,cherie_flavor,62031,NULL,NULL,릴스
Instagram,에스티로더,DbavxU_j1vk,e_wolly,55706,NULL,NULL,피드
Instagram,에스티로더,DbDcKhjpuKj,i6nun2,115190,NULL,NULL,릴스
Instagram,에스티로더,DbDO6ULzeHb,this.is.noxy,47660,NULL,NULL,릴스
Instagram,에스티로더,DbF99MsRIax,j___inny,248972,NULL,NULL,릴스
Instagram,에스티로더,DbFU4kXsgav,smooshsol,36560,NULL,NULL,릴스
Instagram,에스티로더,DbFyG-4pgpF,rimi_channel,158268,NULL,NULL,릴스
Instagram,에스티로더,DbFZmsFJvZk,chae__coo,35448,NULL,NULL,릴스
Instagram,에스티로더,DbGLcwfOxAm,ioucosbutimstudent,5677,NULL,NULL,릴스
Instagram,에스티로더,DbHyJ4hEv4y,mun_y_j,32844,NULL,NULL,피드
Instagram,에스티로더,DbHzJPWCVmZ,_nabii02,70176,NULL,NULL,피드
Instagram,에스티로더,DbIaoqaz5hh,ha._.noory,170408,NULL,NULL,릴스
Instagram,에스티로더,DbICShokX3c,jeonsy,65884,NULL,NULL,피드
Instagram,에스티로더,DbIqZnFHweS,esooooj,10869,NULL,NULL,피드
Instagram,에스티로더,DbK1YR3Eep-,yxxrxx,85574,NULL,NULL,피드
Instagram,에스티로더,DbLDg-8iVBC,heynuru,10366,NULL,NULL,피드
Instagram,에스티로더,DbLMNNjkcEN,naragram_,18384,NULL,NULL,피드
Instagram,에스티로더,DbN8xhck2WH,iosonosia,24347,NULL,NULL,피드
Instagram,에스티로더,DbOUi7-kxZl,0youngj,21810,NULL,NULL,피드
Instagram,에스티로더,DbPWtA6E2pg,hyeng_ii,36615,NULL,NULL,피드
Instagram,에스티로더,DbSe1h0pEyQ,umu131__,147694,NULL,NULL,릴스
Instagram,에스티로더,DbUQbdcEzVM,choi.muse,7243,NULL,NULL,피드
Instagram,에스티로더,DbV16fvx13g,babysoo_,82026,NULL,NULL,릴스
Instagram,에스티로더,DbVX_mjvcxC,rihyuneee,183929,NULL,NULL,릴스
Instagram,에스티로더,DbX8UkEgbA0,wooseunghada,31559,NULL,NULL,피드
Instagram,유한락스,Da2gGLmR59K,mnhn___,11032,NULL,NULL,릴스
Instagram,유한락스,Da9FpJBy0Z8,life_mo_re,6546,NULL,NULL,릴스
Instagram,유한락스,DaaXGONj7Pk,moongchi._.20210917,2391,NULL,NULL,피드
Instagram,유한락스,Dac1PWCRCA9,uni_maison,10082,NULL,NULL,릴스
Instagram,유한락스,DaegBzTkgZl,mad4maddie__,6448,NULL,NULL,피드
Instagram,유한락스,Daw8iyaPC_A,niddoux15,121598,NULL,NULL,릴스
Instagram,유한락스,Daw9QDzy7di,yeongeun6195,89183,NULL,NULL,릴스
Instagram,유한락스,DaxiQD2tZb8,sweet_emily9,146967,NULL,NULL,릴스
Instagram,유한락스,DbaanGCy_bm,yuhwanine,257350,NULL,NULL,릴스
Instagram,유한락스,DbajfdbKFQ8,the.hyunniverse,19699,NULL,NULL,릴스
Instagram,유한락스,DbC0W5qi6Gd,kangvely._.s,96913,NULL,NULL,릴스
Instagram,유한락스,DbC5O8ZPheY,reecee_127,18072,NULL,NULL,릴스
Instagram,유한락스,DbcghvXBpq8,hanssonsson,25217,NULL,NULL,릴스
Instagram,유한락스,DbcHNR-EzNk,busanmommy,16137,NULL,NULL,피드
Instagram,유한락스,DbCtUmZSwin,zks6795,184316,NULL,NULL,릴스
Instagram,유한락스,DbCtZvATYMe,icebijou,109837,NULL,NULL,릴스
Instagram,유한락스,DbdEDfihNzP,sarang_cook_,219336,NULL,NULL,릴스
Instagram,유한락스,DbKKmQfNmAA,ion_life_,15853,NULL,NULL,릴스
Instagram,유한락스,DbLQ1r4PsTV,jj.0220_,15378,NULL,NULL,릴스
Instagram,유한락스,DbMgGo2hQSV,slove407,156843,NULL,NULL,릴스
Instagram,유한락스,DbMngfgp-yb,luz__20_,107276,NULL,NULL,릴스
Instagram,유한락스,DbNqsRVJd9X,mogeon.kr,51849,NULL,NULL,릴스
Instagram,유한락스,DbQTThnJWor,lee_seoah0707,28176,NULL,NULL,릴스
Instagram,유한락스,DbS_VASzsH0,misosol1,109490,NULL,NULL,릴스
Instagram,유한락스,DbS5tmbxOXU,biryung,104373,NULL,NULL,릴스
Instagram,유한락스,DbShfUTpCly,uyeonge,104664,NULL,NULL,릴스
Instagram,유한락스,DbSiertqwVm,lunahouse__,78130,NULL,NULL,릴스
Instagram,유한락스,DbUbeKlP5Pd,suyeon71318,50636,NULL,NULL,릴스
Instagram,이니스프리,Da5AhpNzM1_,e.__chae,151622,NULL,NULL,릴스
Instagram,이니스프리,Da5HI7SvUAp,solmup,62871,NULL,NULL,릴스
Instagram,이니스프리,DaaQaCGhkLe,hanubin,34611,NULL,NULL,릴스
Instagram,이니스프리,Dab4xDAyx4v,myymggo,3162,NULL,NULL,릴스
Instagram,이니스프리,Dac6PkoTg9t,wangsimni_couple,52021,NULL,NULL,릴스
Instagram,이니스프리,Dac8hgRvggr,hirokemidesu,152095,NULL,NULL,릴스
Instagram,이니스프리,Dac92oLEqp0,hello_my_youth_,3988,NULL,NULL,피드
Instagram,이니스프리,Dacorlqhn1D,yexxn_zz,138469,NULL,NULL,릴스
Instagram,이니스프리,DafcIuvErR1,aggieku0201,204513,NULL,NULL,피드
Instagram,이니스프리,DafmVeMFPbT,25artist_sy,17641,NULL,NULL,피드
Instagram,이니스프리,Dah57UtFMC3,hh_xxle,52364,NULL,NULL,피드
Instagram,이니스프리,Dah7Z_AhTJt,jinnewdesu,48115,NULL,NULL,릴스
Instagram,이니스프리,Dah9ugQEowt,rabbiteunji_,121231,NULL,NULL,피드
Instagram,이니스프리,Dahvi38vXLa,susu._.han_,17482,NULL,NULL,릴스
Instagram,이니스프리,DaiIHljTdqe,hyeoonni,96515,NULL,NULL,릴스
Instagram,이니스프리,DakbHSHHdwE,jian_spring,149772,NULL,NULL,피드
Instagram,이니스프리,Dakcb8oPLtE,jinnitto,4436,NULL,NULL,릴스
Instagram,이니스프리,Dakf77TqyAH,esooooj,10869,NULL,NULL,릴스
Instagram,이니스프리,Dakm12cx04S,hee.chu,21666,NULL,NULL,릴스
Instagram,이니스프리,DakMfpBx0Aq,_beauty_picks,180465,NULL,NULL,릴스
Instagram,이니스프리,Dakq28viWHy,mitistory,102173,NULL,NULL,피드
Instagram,이니스프리,Dal4SRhk9is,una216,201647,NULL,NULL,피드
Instagram,이니스프리,Dam_BYyJxtR,the_ketchap,201955,NULL,NULL,릴스
Instagram,이니스프리,Dam4Tabxqbw,ioucosbutimstudent,5677,NULL,NULL,릴스
Instagram,이니스프리,Dam6kmxRFEy,yexxn_zz,138469,NULL,NULL,릴스
Instagram,이니스프리,Dam7VJ9P8DB,rihyuneee,183929,NULL,NULL,릴스
Instagram,이니스프리,DamrZ8bhMqm,soeunsi,39834,NULL,NULL,릴스
Instagram,이니스프리,Damtoxrn6o5,igotshe.mag,95620,NULL,NULL,피드
Instagram,이니스프리,DaN3Es2SSXY,sea.elah,17155,NULL,NULL,릴스
Instagram,이니스프리,DanF-M0PReM,berryzzin,20465,NULL,NULL,릴스
Instagram,이니스프리,DanMjyTTeaW,he33eo,56706,NULL,NULL,릴스
Instagram,이니스프리,DanMlbhv4va,xeeyuzu,22656,NULL,NULL,릴스
Instagram,이니스프리,DaO8N8MT8vh,1oo._.hwa,74582,NULL,NULL,릴스
Instagram,이니스프리,Daoo3f7PTyv,bean_cos,81176,NULL,NULL,릴스
Instagram,이니스프리,DaPb3U1MTJv,hae.bomjour,4154,NULL,NULL,릴스
Instagram,이니스프리,DapBUmmiePa,yeon5853,42141,NULL,NULL,피드
Instagram,이니스프리,DaPJ2I0Muxq,jamzzang,50815,NULL,NULL,릴스
Instagram,이니스프리,DaPPT80J5Bc,eunyo_ii,72512,NULL,NULL,릴스
Instagram,이니스프리,DapUlbVkW30,leeram1118,7487,NULL,NULL,피드
Instagram,이니스프리,DapX_IBCkk8,m.inngu,1010338,NULL,NULL,릴스
Instagram,이니스프리,DaQE7iauZMy,pyeongminsu53,54266,NULL,NULL,릴스
Instagram,이니스프리,DaRbAmuSyxH,bella.yun,4831,NULL,NULL,릴스
Instagram,이니스프리,Darfn5GhRIp,xlixdeau,55847,NULL,NULL,릴스
Instagram,이니스프리,DaRKQ7wBfMk,hee.onne,105405,NULL,NULL,릴스
Instagram,이니스프리,DaRnLSyPOiX,role_p1,16032,NULL,NULL,릴스
Instagram,이니스프리,DaRP0yiSdIw,j_reve__,55007,NULL,NULL,릴스
Instagram,이니스프리,DaSa5UdSwFQ,one_juns,174428,NULL,NULL,릴스
Instagram,이니스프리,DaSg4moRIfo,l.o.v.e.w.o.n,72220,NULL,NULL,릴스
Instagram,이니스프리,DaSpOhWyCE-,ho_hyuklee,100418,NULL,NULL,릴스
Instagram,이니스프리,DatuDE1JrHi,jyoun__56,79550,NULL,NULL,릴스
Instagram,이니스프리,DaugEjtPLTi,bebe_282,24068,NULL,NULL,릴스
Instagram,이니스프리,DaUjrplP8Zq,i.love.purpple,20071,NULL,NULL,릴스
Instagram,이니스프리,DaUwUIUs7j8,wannabin_fl,101230,NULL,NULL,릴스
Instagram,이니스프리,Daux4DbS5S7,__.seunghyun.__,23876,NULL,NULL,릴스
Instagram,이니스프리,DauxdKiCLp2,dailyjenna,8947,NULL,NULL,릴스
Instagram,이니스프리,Daw8oT9RmJZ,yj_____07.08,69101,NULL,NULL,릴스
Instagram,이니스프리,DawrHLiJYx4,starry__y,36843,NULL,NULL,릴스
Instagram,이니스프리,DawT9vcPJ0m,anchanhyeok,14483,NULL,NULL,릴스
Instagram,이니스프리,DawzQdgJmRX,dongjuni__,12192,NULL,NULL,릴스
Instagram,이니스프리,DaxcLuzRAD-,hjj_starry__cos,14623,NULL,NULL,릴스
Instagram,이니스프리,DaxeoALTwV9,aneunbn,249586,NULL,NULL,릴스
Instagram,이니스프리,DaxI2TAuI9C,00.03.29,246393,NULL,NULL,릴스
Instagram,이니스프리,DaXo0tLTlQg,selfit_eunmi,22705,NULL,NULL,릴스
Instagram,이니스프리,DaxoZYWyRKR,groommin,61076,NULL,NULL,릴스
Instagram,이니스프리,DaxYPQizf07,s0m1n.2,136499,NULL,NULL,릴스
Instagram,이니스프리,Day07SoT9DH,hym.constant,63335,NULL,NULL,릴스
Instagram,이니스프리,DazesO-ilTV,imnnano,59941,NULL,NULL,릴스
Instagram,이니스프리,Dazr0pggITz,rearin.designer,26302,NULL,NULL,릴스
Instagram,이니스프리,DbAtG21SDQ9,mmminjoo,31665,NULL,NULL,릴스
Instagram,이니스프리,DbaUrkdkq_x,petiteconcierge,10314,NULL,NULL,피드
Instagram,이니스프리,DbDg_QtPWMD,incworld,62241,NULL,NULL,릴스
Instagram,이니스프리,DbZ9EUOBPue,itsdamiduck,40031,NULL,NULL,릴스
Instagram,이니스프리,DbZpIG9Tk-U,euz.yn,2202,NULL,NULL,릴스
Instagram,이지듀,Daxl4TdvApe,beautiful_yuri,234448,NULL,NULL,릴스
Instagram,이지듀,Daxl5V-BBTH,ggung_y,137968,NULL,NULL,릴스
Instagram,이지듀,DaxnNC5Psxa,gomdungmom,121639,NULL,NULL,릴스
Instagram,이지듀,Day1X1Yz_mE,shysoojung2,125559,NULL,NULL,릴스
Instagram,이지듀,Day4b_3hrR3,hi.__.bong,49717,NULL,NULL,릴스
Instagram,이지듀,DazDU3-Jsrm,how00l,9377,NULL,NULL,릴스
Instagram,이지듀,DazUM1HBgxt,ye_d,10132,NULL,NULL,릴스
Instagram,이지듀,DbAUBSRSWCl,casa_di_noce,12263,NULL,NULL,릴스
Instagram,이지듀,DbE7CyvBqxm,hi.__.bong,49717,NULL,NULL,릴스
Instagram,이지듀,DbK2t7zzoOV,_euuunjii,1960,NULL,NULL,릴스
Instagram,이지듀,DbK4WfXy3E0,y00n._.rabbit,2696,NULL,NULL,릴스
Instagram,이지듀,DbKebQiSyNU,madeinkorea_____,95102,NULL,NULL,릴스
Instagram,이지듀,DbSXbUnSXXL,j_shyuk,52528,NULL,NULL,릴스
Instagram,이지듀,DbZf96yJJzb,sul_hee_kim,4725,NULL,NULL,릴스
Instagram,일리윤,Da0JRLEFBKB,hyunzuuu,1596,NULL,NULL,피드
Instagram,일리윤,Da0P95rP96P,heiley_lite,2169,NULL,NULL,릴스
Instagram,일리윤,DaaavRVMzj-,so__wonjin,17202,NULL,NULL,릴스
Instagram,일리윤,DabmO8dk31R,kimth_familia,2924,NULL,NULL,피드
Instagram,일리윤,DaciqqBvUrj,xrl.rlo,17330,NULL,NULL,릴스
Instagram,일리윤,DacqZXozvnu,by.j.one_,10136,NULL,NULL,릴스
Instagram,일리윤,DacuqtBpAN7,hwa._.beauty,20001,NULL,NULL,릴스
Instagram,일리윤,DacwC_cp-YU,yu_rrri,24053,NULL,NULL,릴스
Instagram,일리윤,DacyK9TTRhK,heekerbellll,6823,NULL,NULL,릴스
Instagram,일리윤,DadDbakyCmN,aggieku0201,204513,NULL,NULL,릴스
Instagram,일리윤,DadEmRUTyfh,ysy_lucy,341519,NULL,NULL,릴스
Instagram,일리윤,DadG9viS-35,ppippimakesmehappi,7815,NULL,NULL,릴스
Instagram,일리윤,DadJ5ktp5r1,taeritaery,9389,NULL,NULL,릴스
Instagram,일리윤,DadSPYihDiL,withyeonsu,18731,NULL,NULL,릴스
Instagram,일리윤,DaeMALfSP9l,sooingu,29356,NULL,NULL,릴스
Instagram,일리윤,Daeu6kbERqF,seo_ing_look,3721,NULL,NULL,피드
Instagram,일리윤,DafGGojGgIp,powderroom.co.kr,130874,NULL,NULL,피드
Instagram,일리윤,DafN8gRn-AR,hunis_closet,4112,NULL,NULL,피드
Instagram,일리윤,Dag2UjBiRIc,ninizzang_,3277,NULL,NULL,피드
Instagram,일리윤,Dah7F2CGTjf,bini_beeee,1626,NULL,NULL,피드
Instagram,일리윤,DahNTxGj5HS,__kylie_mj,2813,NULL,NULL,피드
Instagram,일리윤,DahxITyDyt_,j.luvw,10047,NULL,NULL,피드
Instagram,일리윤,DaiLDTQB8e-,hyennie_._,25245,NULL,NULL,릴스
Instagram,일리윤,DaiTJPQgZQz,yuja_nae,1746,NULL,NULL,피드
Instagram,일리윤,DaPpUXJzno9,ei_jyojyo23,130261,NULL,NULL,릴스
Instagram,일리윤,DaPSSAelOfh,_beauty_suzzy,4245,NULL,NULL,피드
Instagram,일리윤,DaPTR2eykjn,cos_fairyy,86123,NULL,NULL,릴스
Instagram,일리윤,DaRP0RoEnrN,seol___4321,1436,NULL,NULL,피드
Instagram,일리윤,DasGnDrTUn2,seo_han0216,71411,NULL,NULL,릴스
Instagram,일리윤,DaSgRldkn0o,bubble_gum_s2,15959,NULL,NULL,피드
Instagram,일리윤,DaSHPiIGOaZ,coduck.mag,37792,NULL,NULL,피드
Instagram,일리윤,DaSmI-fOfE5,minainyork,142957,NULL,NULL,릴스
Instagram,일리윤,DaujjmDTnxh,u__girin,15573,NULL,NULL,릴스
Instagram,일리윤,DaULmehzNro,suhysk,10391,NULL,NULL,릴스
Instagram,일리윤,DaVEkXRTr1b,davely.beauty,15881,NULL,NULL,릴스
Instagram,일리윤,DaW0IseGCzd,swim_mechuri,6273,NULL,NULL,피드
Instagram,일리윤,DaW6h7aAJGm,kimmmyler,115939,NULL,NULL,릴스
Instagram,일리윤,DawkGt2gacA,hyu_salon,10188,NULL,NULL,피드
Instagram,일리윤,DaWoJMqvpAj,j_reve__,55007,NULL,NULL,릴스
Instagram,일리윤,DaX8F0uEwT7,hh_013_11,1134,NULL,NULL,피드
Instagram,일리윤,DaXc9PzGSXh,s._____.yn,30312,NULL,NULL,피드
Instagram,일리윤,DaZ7o3BhlBb,c_ozy.o,14354,NULL,NULL,릴스
Instagram,일리윤,DazpmoNib_F,honey_00td,2083,NULL,NULL,피드
Instagram,일리윤,DaZU-YwJ7ED,_nabii02,70176,NULL,NULL,릴스
Instagram,일리윤,DaZvS5APfU3,sserendibliss,97125,NULL,NULL,릴스
Instagram,일리윤,DaZZz0WhCd1,darlingdiary__,13623,NULL,NULL,릴스
Instagram,일리윤,DbN89dtqvu3,yuinniy,404430,NULL,NULL,릴스
Instagram,정샘물,Da-dX7WzK8m,12011v1,1852,NULL,NULL,릴스
Instagram,정샘물,Da0KEkMgaEt,loveseamoon,1621,NULL,NULL,피드
Instagram,정샘물,Da18o_lk8mL,sungsooodong,28006,NULL,NULL,피드
Instagram,정샘물,Da26vukExka,of0_s,5245,NULL,NULL,피드
Instagram,정샘물,Da29VUzEisy,_m._.mir,8357,NULL,NULL,피드
Instagram,정샘물,Da2ZCcuySUY,dohyun_ha,4074,NULL,NULL,릴스
Instagram,정샘물,Da5Qih1GiZL,vj0lo_j,981,NULL,NULL,피드
Instagram,정샘물,Da64eOHEtLJ,mmm_mag_official,677506,NULL,NULL,피드
Instagram,정샘물,Da73vhXJSxx,makeup_sunmi_,25940,NULL,NULL,릴스
Instagram,정샘물,DaaSEBKEnRc,k__su__zy,7043,NULL,NULL,피드
Instagram,정샘물,Dac3XhLGeiX,idupyun_,7411,NULL,NULL,피드
Instagram,정샘물,Dac46Gfia0M,knxcksir,8680,NULL,NULL,피드
Instagram,정샘물,Dac5GMCD9HL,suuunsett_,6601,NULL,NULL,피드
Instagram,정샘물,Dac9qFzP26B,spiicyzinc,9594,NULL,NULL,릴스
Instagram,정샘물,Dac9YueE14j,geni.__.e,3297,NULL,NULL,피드
Instagram,정샘물,DacbSOAPAMT,mallang_cheddarhye,2848,NULL,NULL,릴스
Instagram,정샘물,Dace7y1iZNf,hyunzimake,3489,NULL,NULL,피드
Instagram,정샘물,Dacnc_bj5OZ,zhuu.a_,4386,NULL,NULL,피드
Instagram,정샘물,DacOrEqiXzL,rose.0__,2413,NULL,NULL,피드
Instagram,정샘물,DacP4uomtYF,yeowoolshin,16197,NULL,NULL,피드
Instagram,정샘물,DacptDutmGU,ddobini619,57210,NULL,NULL,릴스
Instagram,정샘물,DacqDgMFPWe,m__sxsx01,1534,NULL,NULL,피드
Instagram,정샘물,DadMNWnhFlJ,ia.mcoco.__,2485,NULL,NULL,릴스
Instagram,정샘물,DadQ6auE5qz,luvma.jin,3978,NULL,NULL,피드
Instagram,정샘물,DaeoyNcE8d_,l1lm10,13867,NULL,NULL,피드
Instagram,정샘물,DafaqzjEzIz,b_byrim,57404,NULL,NULL,피드
Instagram,정샘물,DafL1Ohj4s7,m1ny2_,3783,NULL,NULL,피드
Instagram,정샘물,DafSMdBGuKf,tjdudd_d,7157,NULL,NULL,피드
Instagram,정샘물,Dah30KxCmNu,laheemakeup,4269,NULL,NULL,릴스
Instagram,정샘물,Dah3z2HGKDF,from_hh,9371,NULL,NULL,피드
Instagram,정샘물,Dah6U2Zk7A1,juju_art._.623,11649,NULL,NULL,피드
Instagram,정샘물,DahNcS6Eeuk,adore_daeyoungyoung,36913,NULL,NULL,피드
Instagram,정샘물,DahqxK6JBa1,the_ketchap,201955,NULL,NULL,릴스
Instagram,정샘물,DahyNa-JEiG,a.ssom,297183,NULL,NULL,릴스
Instagram,정샘물,DaiN1qSFDE5,byoon.minah,1930,NULL,NULL,피드
Instagram,정샘물,DajN2GESolU,aknacktool_makeup,12687,NULL,NULL,릴스
Instagram,정샘물,DakbBC-Hw98,egewajo,23131,NULL,NULL,피드
Instagram,정샘물,DakbJFIESpF,jouojxx,113182,NULL,NULL,피드
Instagram,정샘물,DakiZq2yXWI,rxxiiny,22766,NULL,NULL,릴스
Instagram,정샘물,DakvfQQPk8l,_haewon22,137504,NULL,NULL,릴스
Instagram,정샘물,DamHf25z91I,paniikim,149794,NULL,NULL,릴스
Instagram,정샘물,DamtnGPyYyZ,bobaerit,94055,NULL,NULL,릴스
Instagram,정샘물,DaNwR_zpLOS,makeup_sunmi_,25940,NULL,NULL,릴스
Instagram,정샘물,DaPnmetiY6r,onyu_52,5443,NULL,NULL,피드
Instagram,정샘물,DaPslY2k44B,makeup_yejin,5875,NULL,NULL,피드
Instagram,정샘물,DaPwOo2PkFN,lvchivl,29169,NULL,NULL,릴스
Instagram,정샘물,DaPwyOzv1Xd,rihyuneee,183929,NULL,NULL,릴스
Instagram,정샘물,DaQBPfOk2tU,angkkimothiwon,1053,NULL,NULL,피드
Instagram,정샘물,DaR5c5lD2o9,s2eunx23,2040,NULL,NULL,피드
Instagram,정샘물,DarHFuhn3Yo,mary_beauty114,2531,NULL,NULL,피드
Instagram,정샘물,Dat2UysE7D7,kmiuy_,2209,NULL,NULL,피드
Instagram,정샘물,Dat49Krx_mq,to.semi,33237,NULL,NULL,릴스
Instagram,정샘물,DaU6mwWJf9K,oneluoes,16455,NULL,NULL,릴스
Instagram,정샘물,DaVHUDrmCgZ,o.i.e.r_,1437,NULL,NULL,피드
Instagram,정샘물,DaW8RGnhlk4,jj2nny_review,1124,NULL,NULL,릴스
Instagram,정샘물,DaX_t-pE9vS,gyureview,2186,NULL,NULL,피드
Instagram,정샘물,DaXD_0RPoBx,aknacktool_hajun,4304,NULL,NULL,릴스
Instagram,정샘물,DaxNWA6ksFU,fromdabeen,5010,NULL,NULL,피드
Instagram,정샘물,Daz1GtPgUqg,sunwhwai,15810,NULL,NULL,피드
Instagram,정샘물,DaZ3xbtE420,chhichi_beauty,1187,NULL,NULL,피드
Instagram,정샘물,DbAzBGyzZaA,venezia_so,28327,NULL,NULL,릴스
Instagram,정샘물,DbAzEnpn1I4,_dam.ee,5584,NULL,NULL,피드
Instagram,정샘물,Dbc0HEaO_LH,jjing_e2,50349,NULL,NULL,릴스
Instagram,정샘물,Dbc5wTaials,wxxoomia,28108,NULL,NULL,피드
Instagram,정샘물,DbC7NyHzq-b,euntto_z,5202,NULL,NULL,릴스
Instagram,정샘물,DbcCa0ySeqb,heeyuu__,10344,NULL,NULL,릴스
Instagram,정샘물,DbcNJmxPumy,friendship___jung,16650,NULL,NULL,릴스
Instagram,정샘물,DbczZQAkq1I,babekikigirl,4872,NULL,NULL,피드
Instagram,정샘물,DbDdO_YSG-1,gmldusttm,87137,NULL,NULL,릴스
Instagram,정샘물,DbdIT3PP5cw,_mifavorito_,23401,NULL,NULL,릴스
Instagram,정샘물,DbDU4q9x1g6,ssin000000,1650795,NULL,NULL,릴스
Instagram,정샘물,DbV49rbv0Ka,blair_ha,151314,NULL,NULL,릴스
Instagram,정샘물,DbW5LIuPWuH,di_amont,10011,NULL,NULL,릴스
Instagram,정샘물,DbW79vzPQIY,quinnie121__,26385,NULL,NULL,릴스
Instagram,정샘물,DbW7SBZTQ1o,da_y00ung,6505,NULL,NULL,릴스
Instagram,정샘물,DbWngSMSR9I,_yae.din,1388,NULL,NULL,릴스
Instagram,정샘물,DbWrEGYTbAN,hyunz_zzi,5455,NULL,NULL,릴스
Instagram,정샘물,DbX8J78pHin,dazz_s.a,8169,NULL,NULL,릴스
Instagram,정샘물,DbXcORcTwHv,uhyeoniz,36656,NULL,NULL,릴스
Instagram,정샘물,DbXMGmzMtiu,carmine.oi,75598,NULL,NULL,릴스
Instagram,정샘물,DbXocZ3h4fL,hwitori_228,2581,NULL,NULL,릴스
Instagram,정샘물,DbXT0BdBaIv,823_km,8576,NULL,NULL,릴스
Instagram,정샘물,DbXxsOsTBQy,4.20nm,8346,NULL,NULL,릴스
Instagram,정샘물,DbXZxUNzUlK,suynnnn_,12693,NULL,NULL,릴스
Instagram,정샘물,DbYBYkWvTUU,haejuuu_,10206,NULL,NULL,릴스
Instagram,정샘물,DbYM7A6o6yL,yoonji_1228,17014,NULL,NULL,릴스
Instagram,정샘물,DbYNwzOzJ-D,bae._ss0,6197,NULL,NULL,릴스
Instagram,정샘물,DbYUKaGBmzg,u.u_11j,1377,NULL,NULL,릴스
Instagram,콜게이트 코리아,Dat6Q8zTZXk,foxltldk83,96994,NULL,NULL,릴스
Instagram,콜게이트 코리아,DbWt5jPz4ry,1018bbm,4372,NULL,NULL,릴스
Instagram,키엘,Dakig2Jq382,lucyeffect,5834,NULL,NULL,릴스
Instagram,키엘,DaxayV3Sgt9,soupsoup0107,19517,NULL,NULL,릴스
Instagram,키엘,DaxohwSyDpX,hyedini_sim,139861,NULL,NULL,릴스
Instagram,키엘,DaxxJV1gZDQ,sop_darm,14877,NULL,NULL,릴스
Instagram,키엘,DbGkvLQyX3I,startrex123,1595,NULL,NULL,릴스
Instagram,키엘,DbQZrC3GCYw,ie_shj,4583,NULL,NULL,피드
Instagram,톰,Da_8VB2pNYB,yuroso_boram,1974,NULL,NULL,릴스
Instagram,톰,Da1TtiXP_tn,woobong.ootd,6463,NULL,NULL,릴스
Instagram,톰,Da2iYxbJGMO,cottonmia0.0,7861,NULL,NULL,릴스
Instagram,톰,Da2q8WfJHH-,zz_luunx,1154,NULL,NULL,릴스
Instagram,톰,Da37nq-zA0Z,ssunb_day,788,NULL,NULL,릴스
Instagram,톰,Da62Z8phpPF,hi_heoeo,1031,NULL,NULL,릴스
Instagram,톰,Da6qI7xSQHz,6_u_ha,879,NULL,NULL,릴스
Instagram,톰,Da6qtektqeC,won_.yy,1758,NULL,NULL,릴스
Instagram,톰,Da6sObAOrWo,d__26__b,6791,NULL,NULL,릴스
Instagram,톰,Da7e1LKyxGP,lufam_192124,58609,NULL,NULL,릴스
Instagram,톰,Da7pF1svLvA,star_hyoeun,30350,NULL,NULL,릴스
Instagram,톰,Da7pshoJGuj,ou._.guri,529,NULL,NULL,릴스
Instagram,톰,Da7UAi0xQfZ,amuvibe_,10090,NULL,NULL,릴스
Instagram,톰,Da8foHZTlyh,owo_p0,1099,NULL,NULL,릴스
Instagram,톰,Dac4ZeyTBpM,ji_eong_yi,5950,NULL,NULL,릴스
Instagram,톰,DacZpEJJYHp,dazz_s.a,8169,NULL,NULL,릴스
Instagram,톰,Dae-PFBSMUW,d__bii,NULL,NULL,NULL,릴스
Instagram,톰,DaefH_IpmCL,jixoo_zip,8337,NULL,NULL,릴스
Instagram,톰,DafNnO7BEay,syeon_psy84,14222,NULL,NULL,릴스
Instagram,톰,Dah-EzZyxRi,hammyueeu,1607,NULL,NULL,릴스
Instagram,톰,DahKM00zIwD,yeonnybunny,7767,NULL,NULL,릴스
Instagram,톰,DahM5-bzPqq,ae.oleee,1349,NULL,NULL,릴스
Instagram,톰,DakE4uEv2zL,ring_gurii,NULL,NULL,NULL,릴스
Instagram,톰,DakIGk1SRVN,dai1young,1311,NULL,NULL,릴스
Instagram,톰,DakUk2GhhhP,hrrr.zip,1197,NULL,NULL,릴스
Instagram,톰,DalBlXdzQJJ,ji_eong_yi,5950,NULL,NULL,릴스
Instagram,톰,Dammc3ZJ6x-,zz___mi,1208,NULL,NULL,릴스
Instagram,톰,DamX6nEzJoB,tidai_ly,2078,NULL,NULL,릴스
Instagram,톰,Dana-W5ybm2,ha_spring,1767,NULL,NULL,릴스
Instagram,톰,DanDz_VzY1S,theblaumond,3535,NULL,NULL,릴스
Instagram,톰,Danf0H1xDAL,ji_eong_yi,5950,NULL,NULL,릴스
Instagram,톰,DanhKoqzp48,chairmaneleevlog,21960,NULL,NULL,릴스
Instagram,톰,DanTPTMRfTZ,yooondxxg,1712,NULL,NULL,릴스
Instagram,톰,Dao1RNjpXQh,zzero_ya,1257,NULL,NULL,릴스
Instagram,톰,Dao3CZNtYBH,jennyreee,1855,NULL,NULL,릴스
Instagram,톰,Dape5A8xqzV,uomos_w,1086,NULL,NULL,릴스
Instagram,톰,DapgeEHT1zL,seungzing,563,NULL,NULL,릴스
Instagram,톰,DapjVrHStZp,ssgikk,2101,NULL,NULL,릴스
Instagram,톰,DaPpV-Ohpe_,low.energy_girl,36296,NULL,NULL,릴스
Instagram,톰,DapwQ18zsyU,owo_p0,1099,NULL,NULL,릴스
Instagram,톰,DaqBWOiy8Xv,heongpic,563,NULL,NULL,릴스
Instagram,톰,DaraO7cScdh,dearwinter_cos,1180,NULL,NULL,릴스
Instagram,톰,DarKp3ghFFh,min.z_zy,2042,NULL,NULL,릴스
Instagram,톰,DarzYj9vRVd,da_ho_e,862,NULL,NULL,릴스
Instagram,톰,DaSgSophptk,0n_neww,1078,NULL,NULL,릴스
Instagram,톰,DaSL-0zxTZh,daindanni,40495,NULL,NULL,릴스
Instagram,톰,DaSsDinsGm1,nurungbeauty,NULL,NULL,NULL,릴스
Instagram,톰,DaU9tlFq9bP,pyj001323,5101,NULL,NULL,릴스
Instagram,톰,DauGxnfx0aA,ji_o.oo,NULL,NULL,NULL,릴스
Instagram,톰,DaUKYWtyT9F,subin1444,15245,NULL,NULL,릴스
Instagram,톰,DauoT97vk1u,imkkoyo,NULL,NULL,NULL,릴스
Instagram,톰,DaUwtShpAQg,jixoo_zip,8337,NULL,NULL,릴스
Instagram,톰,DauXTEwSuD7,_yeorm_,1156,NULL,NULL,릴스
Instagram,톰,DaVKy4cTuGx,zoigogs0_0,996,NULL,NULL,릴스
Instagram,톰,DaVywotSPmx,mj__beautylog,37243,NULL,NULL,릴스
Instagram,톰,DaWdNbXTh4b,eunwoo_43,11471,NULL,NULL,릴스
Instagram,톰,DawhdvoxQmU,zziar_ing387,2004,NULL,NULL,릴스
Instagram,톰,DaWp1K5hcyl,cherr.ypiki,279,NULL,NULL,릴스
Instagram,톰,DaWp84KJaNd,luv___semhouse,46315,NULL,NULL,릴스
Instagram,톰,DaXDSJFhfW-,p_jxyxn,551,NULL,NULL,릴스
Instagram,톰,DaXe6JuzSo0,liimiimi,2055,NULL,NULL,릴스
Instagram,톰,DaXWhcQTx70,iamchoux,17823,NULL,NULL,릴스
Instagram,톰,DaXXpMSqyHB,yxl_uu,12378,NULL,NULL,릴스
Instagram,톰,Day_LmRNg1M,h.eyoung,1954,NULL,NULL,릴스
Instagram,톰,DazeZjYhdYT,h_youn_ist,11901,NULL,NULL,릴스
Instagram,톰,DbA-PPXt7gJ,gildong2_archive,1231,NULL,NULL,릴스
Instagram,톰,Dba3ouBT5GZ,anda.channel,204620,NULL,NULL,릴스
Instagram,톰,DbA5Rpzxz5j,h._.jeong01,1729,NULL,NULL,릴스
Instagram,톰,DbacYfOvkiz,zisu_19,15742,NULL,NULL,릴스
Instagram,톰,DbAF56YBL5K,9abeeeen,6646,NULL,NULL,릴스
Instagram,톰,DbahzCLuEsN,loveh_yel,726,NULL,NULL,릴스
Instagram,톰,DbAnT4UCBYO,hihyello,2351,NULL,NULL,릴스
Instagram,톰,DbaWTDAMUc3,yunnx.nn,20647,NULL,NULL,릴스
Instagram,톰,DbbEvInh0vK,songsariiiii,4379,NULL,NULL,릴스
Instagram,톰,Dbc4BSshHMO,tael_beauty,30601,NULL,NULL,릴스
Instagram,톰,DbC6SCkJv5-,jinjin1217,73796,NULL,NULL,릴스
Instagram,톰,DbcgwUOBodE,imjeorijeori,29031,NULL,NULL,릴스
Instagram,톰,DbcrV9mx0Xe,chai._.beauty,26455,NULL,NULL,릴스
Instagram,톰,DbcSBAFJf54,dazz_s.a,8169,NULL,NULL,릴스
Instagram,톰,DbcUC-uvaNt,aa_deary,64218,NULL,NULL,릴스
Instagram,톰,DbDLHFxiTnZ,bbo.love_,10973,NULL,NULL,릴스
Instagram,톰,DbFnHfxkwS0,deepdeep_beauty,18031,NULL,NULL,피드
Instagram,톰,DbFnJ5NHS5u,deepdeep_coduk,15047,NULL,NULL,피드
Instagram,톰,DbFQ9cbzB5K,alszun,78881,NULL,NULL,릴스
Instagram,톰,DbFqN6Qz57X,o_ys_lly,3755,NULL,NULL,릴스
Instagram,톰,DbI01AJzXw6,ricordo.rim,24013,NULL,NULL,릴스
Instagram,톰,DbKHa1emHs4,at.zip.kr,42114,NULL,NULL,피드
Instagram,톰,DbKqrXjOaAK,beep0_beep0_,19353,NULL,NULL,릴스
Instagram,톰,DbLBW7HoWY0,jungimvely,16103,NULL,NULL,릴스
Instagram,톰,DbLNrm3TXzn,iiseoe,45050,NULL,NULL,릴스
Instagram,톰,DbM5cmSB8aV,minjubu82,4604,NULL,NULL,릴스
Instagram,톰,DbMwaa_JL9u,j_to.nana,2372,NULL,NULL,릴스
Instagram,톰,DbNcboXExoz,thepage.mag,40080,NULL,NULL,피드
Instagram,톰,DbNiFg-hMgk,imnotsoyeonanymore,1055,NULL,NULL,릴스
Instagram,톰,DbNMEw5Pyas,kong_picks,15219,NULL,NULL,릴스
Instagram,톰,DbNtqpKJ1T7,ohnions.room,3343,NULL,NULL,릴스
Instagram,톰,DbNxEgIScTE,hekihooo,75807,NULL,NULL,릴스
Instagram,톰,DbOGRVeTv-i,dear._.chai,1520,NULL,NULL,릴스
Instagram,톰,DbOHNr-TEnd,winter.zip_,21694,NULL,NULL,릴스
Instagram,톰,DbQiBTUAp5k,ga.nnig,4605,NULL,NULL,릴스
Instagram,톰,DbR7mkVyv8G,jiyeonpvrk,62739,NULL,NULL,릴스
Instagram,톰,DbS2Jsuvd9L,hammyueeu,1607,NULL,NULL,릴스
Instagram,톰,DbSAK5RSuMO,lufam_192124,58609,NULL,NULL,릴스
Instagram,톰,DbSmy71TUQG,iamgeeeeone,1623,NULL,NULL,릴스
Instagram,톰,DbVdGlrh-HA,dai.rine_,3059,NULL,NULL,릴스
Instagram,톰,DbVXsLzqRDz,_._yoni,20662,NULL,NULL,릴스
Instagram,톰,DbYBDUgJBw7,ka__02i,2044,NULL,NULL,릴스
Instagram,톰,DbYHilITLJu,_hyeoon__,4344,NULL,NULL,릴스
Instagram,톰,DbYLiF3pZHG,meung.dd,716,NULL,NULL,릴스
Instagram,톰,DbZnZHbPopT,bbora_glow,4264,NULL,NULL,릴스
YouTube,닥터포헤어,gsEeMuOcn3E,UCOtH1beWJersh5FtQ_M1UCg,NULL,2960000,13500,일반
YouTube,닥터포헤어,OAe5WJmrD8k,UCWWnWFPkfXMIjxNhBu5qVtg,NULL,26170000,347000,일반
YouTube,닥터포헤어,tBnMs7S8zxA,UCvzGYMVP5h9CTV8LdtEQUww,NULL,43650000,503000,일반
YouTube,도브,-A7629j95S4,UCq-FzPSbamuQsHETUHQQjKg,NULL,NULL,473,쇼츠
YouTube,도브,-d1tNvuXtkI,UCqxW9ag8rCtIMfAHvOIEIQA,NULL,46020000,546000,쇼츠
YouTube,도브,b7YsX81Z_qs,UCqxW9ag8rCtIMfAHvOIEIQA,NULL,46020000,546000,일반
YouTube,도브,YPCayKMMFgM,UCk0F9asscCuzcBERNWrw5rw,NULL,11180000,211000,쇼츠
YouTube,라네즈,ayieQ-sbRAk,UCeMVG_xsUh7wJEHAic4G4AA,NULL,6410000,65800,일반
YouTube,라네즈,JDTlQvafJ5o,UCn_b_mrrhtMGhiLZLCzF7rQ,NULL,10060000,113000,쇼츠
YouTube,라네즈,RLCRjwQY4RM,UCpajTgJCEHEVzQ79phzOSoA,NULL,38510000,421000,일반
YouTube,라네즈,UhaHhoRVAaY,UCRFh2MoRiD-whPn0QuOzMFQ,NULL,25370000,282000,일반
YouTube,라네즈,vHqFgPbo5hc,UCrNISLWm4d6SRf8AUjoGm1g,NULL,15210000,130000,일반
YouTube,라네즈,ZM4183_AtIM,UCYdYEVp2t0zD5xJu0hKWAgw,NULL,3230000,30100,쇼츠
YouTube,라로슈포제,_GW6CyVZC1o,UC6UvNUZUvIgWk-1Jg5y3iHA,NULL,3090000,22800,일반
YouTube,라로슈포제,0xt-BmN_c3A,UCT3XCWBiNy-mnS0awYq_trw,NULL,7210000,54800,일반
YouTube,라로슈포제,82nCrFteSU4,UCYieht3paO1nFDXim5KZnbg,NULL,16350000,210000,일반
YouTube,라로슈포제,C4ScQvilhSc,UCYieht3paO1nFDXim5KZnbg,NULL,16350000,210000,쇼츠
YouTube,라로슈포제,DYAzcwMAttw,UC5SDxE7fXAn6CdTubOAdiVA,NULL,2400000,18200,쇼츠
YouTube,라로슈포제,ouk5heuAl6A,UCmV6YFTsQZ9_TK7kzrguFpA,NULL,2290000,16700,쇼츠
YouTube,리쥬란코스메틱,15RGJX70Tfw,UCmEkVbPKxHta-rjOWI_DKjw,NULL,NULL,34,쇼츠
YouTube,리쥬란코스메틱,hLnB3-ac65o,UC3-bAKl3vJOp-hA24cfAgUQ,NULL,1670000,14600,쇼츠
YouTube,리쥬란코스메틱,ioEUmzMiAf8,UC561zXOZW5NAyzzMmSOJE6A,NULL,1610000,8310,쇼츠
YouTube,리쥬란코스메틱,lg8yvUffDX8,UCVuLE0_5TKEf3Uk2_hvimEw,NULL,3500000,34400,쇼츠
YouTube,메디큐브,01D31SGLq8s,UCfcEEsjr6_lUUHQ-1zID2cQ,NULL,6730000,57000,일반
YouTube,메디큐브,341RmIpDgmI,UC_-cAWrRAERPUg-2WJ5FgLQ,NULL,NULL,152,쇼츠
YouTube,메디큐브,5_-qhkq89WI,UC_1ETgrcrLjHOP0YJmkWLVQ,NULL,35340000,364000,일반
YouTube,메디큐브,FOjUutb3FGo,UCvb9L87lw_Pa2P-iYjL_BCQ,NULL,4980000,33300,일반
YouTube,메디큐브,G9yk3_zJJc8,UCsaOUicqNi3kBQLK-07OI0g,NULL,NULL,79,쇼츠
YouTube,메디큐브,j0Fj4xaMF1M,UC88iHSxUT8P8YVPkQVfACTw,NULL,510000,2370,쇼츠
YouTube,메디큐브,jiCAtdaY3IA,UCWeTWaC2WFKG2H3hjxYaOhg,NULL,12870000,181000,일반
YouTube,메디큐브,l7yk3OFN-w4,UC9CNQeSlpeuYR0tjQkGJw4w,NULL,25260000,278000,쇼츠
YouTube,메디큐브,ncG0ZCn9FXI,UCcRVxK-cBX7AsOHJ6MOTSew,NULL,6480000,46500,일반
YouTube,메디큐브,nJbEv0aLajI,UCnwu3n--W9bbMsKQGyybKSQ,NULL,15420000,178000,일반
YouTube,메디큐브,olU3-UKM79s,UCZhKxleJ8oSZatQt2inHyMw,NULL,NULL,68,쇼츠
YouTube,메디큐브,PTgeRVa-e6o,UCv6nXR8A-wSidnF6H-2wQYg,NULL,3150000,15500,일반
YouTube,메디큐브,PZVTb4kgkU0,UCvb9L87lw_Pa2P-iYjL_BCQ,NULL,4980000,33300,일반
YouTube,메디큐브,Q1IeomUgWsI,UCK3L6x0ZGU-2cfTDMLnmUyw,NULL,6110000,64600,쇼츠
YouTube,메디큐브,roN1T6FXZok,UCyS8qRQ-qZLmgSsvWlVntyA,NULL,12470000,145000,일반
YouTube,메디큐브,rrWzVAJrN7M,UCiL9JJtFwbQsPDeHADSXstA,NULL,17210000,236000,일반
YouTube,메디큐브,t09Kwgqw790,UCv6nXR8A-wSidnF6H-2wQYg,NULL,3150000,15500,일반
YouTube,메디큐브,v28OYrMa9vc,UC32Bc-64lV0NTREsbdbWacg,NULL,47550000,494000,일반
YouTube,메디큐브,WV7IVXuKTL0,UCc2G1dfFY84icjS8HUTqCBw,NULL,530000,1200,쇼츠
YouTube,메디큐브,Xa-v_5fOK3A,UCHuh-rKiClKp3SBGxvENQRA,NULL,NULL,128,쇼츠
YouTube,메디큐브,Xkp2tZPUya0,UCCoxdQacLwtENtxY56fVFPA,NULL,2980000,39700,일반
YouTube,메디큐브,y50Ws7RaP3o,UCTcEzAt_hRdr5F-tM2zW_6w,NULL,1130000,3200,일반
YouTube,메디큐브,zBlnVEBVrSg,UCUH_M0bX4f1JZns0WdBJVKQ,NULL,58190000,690000,일반
YouTube,미쟝센,K4oydWTMWGE,UCwFNiYnTtrYuwO7YRWomatw,NULL,8460000,124000,쇼츠
YouTube,비플레인,_ckLxQhxoS0,UCeO-X7LzHBcO8NHKpvaIo9g,NULL,8460000,72000,일반
YouTube,비플레인,EyceT3iaH7M,UCNqPg9ZEnEMj-qazl_TamDQ,NULL,3210000,16100,쇼츠
YouTube,비플레인,H54J1KnCmgY,UCGRxkFCoi0RsWelthcaTjMw,NULL,9880000,95700,일반
YouTube,비플레인,KyRknY7Ifx0,UCzpQOktfPxvYeq8OfRtAMYA,NULL,19280000,192000,일반
YouTube,비플레인,MU-1bNVf66U,UCFkAwpvztBaAEzwyDimpDiA,NULL,36980000,488000,일반
YouTube,비플레인,SsyJnbleXfE,UC13xb5Ehc9qS4Moey95DvHg,NULL,7560000,74500,일반
YouTube,비플레인,tciTU114TGc,UCPe44y86eLVbrFygMsmNVXg,NULL,6930000,52700,일반
YouTube,비플레인,VSaiKl3S_Tw,UCYdYEVp2t0zD5xJu0hKWAgw,NULL,3230000,30100,일반
YouTube,비플레인,YzV5Ul4BpFk,UCKh253c8h7Dxgbw2eQU9vSQ,NULL,2870000,37200,일반
YouTube,에스쁘아,G2hJsz_DT9I,UCnekLiljel-Px4ClMC7b3mg,NULL,91600000,1310000,일반
YouTube,에스트라,0xVuTsLeUEE,UCo9yruRKJsLcdD6VFZYhUTg,NULL,480000,1140,쇼츠
YouTube,에스트라,0yqrutbEI3w,UCntXn3VOlCBeSu_nhO0PIpQ,NULL,530000,2570,일반
YouTube,에스트라,26AtwPPv5l4,UCKBK-eqdEw6glMc78e4UTtg,NULL,NULL,585,쇼츠
YouTube,에스트라,2lqyz5A8vE4,UCuMuhD7lULPk6TEKfiB9fVQ,NULL,6490000,49900,쇼츠
YouTube,에스트라,3ru60viE8V0,UCQhwurUGuVcP3XCuGGw94eg,NULL,NULL,171,쇼츠
YouTube,에스트라,4JThqM_nSnA,UCbK636ZR5BdUIrEcu6YOCRw,NULL,3070000,41600,쇼츠
YouTube,에스트라,64kJxOHJK8A,UCCHx3tmeA2-S0E53r1XJuLg,NULL,740000,2920,쇼츠
YouTube,에스트라,AGprwZEZEgA,UCg4MGL3KcVsfx-12rUlqw6g,NULL,NULL,26,쇼츠
YouTube,에스트라,au4zEpPX7xs,UC5N79P7Zl_avv-VwdGTOI2A,NULL,NULL,810,쇼츠
YouTube,에스트라,b2t0nY4Ptag,UCUWU2sdN5y8hxvpWn2ZWiuA,NULL,18710000,252000,일반
YouTube,에스트라,EJF5tE4IReI,UCNktYdeYqZK44rNjOSUyXQw,NULL,3760000,21900,일반
YouTube,에스트라,GFPY3YvLJc4,UCk-lQgUJiRtG_PwVdjrX01A,NULL,1790000,9780,쇼츠
YouTube,에스트라,gnkBWeHwHVk,UC9JEYB__PBstiUriGpnfvqg,NULL,2710000,14600,쇼츠
YouTube,에스트라,K-c6EBF5ZKY,UCsaOUicqNi3kBQLK-07OI0g,NULL,NULL,79,쇼츠
YouTube,에스트라,k5wx22yIhBQ,UCgrlxTGI7QnqLcD3HJ4Ajdw,NULL,1210000,4340,쇼츠
YouTube,에스트라,Ka__1L2btAU,UCkh6TlSape86-iHiehXvsmA,NULL,40890000,521000,일반
YouTube,에스트라,KnzapmgCuK8,UCO4_Ppg_RJmJ2T73uxfSJRw,NULL,510000,1390,쇼츠
YouTube,에스트라,m3P6dzba_OU,UC9z58-MGLB0999dR2gH2Srg,NULL,1670000,5710,쇼츠
YouTube,에스트라,M3Uv6gbiw2g,UC-8fUZsAGBzfFuDL10yCqbA,NULL,470000,1080,쇼츠
YouTube,에스트라,mhsvWW6OnJo,UCA6A9J4EWP7GUdBKPmqZ9gw,NULL,NULL,129,쇼츠
YouTube,에스트라,N2J4xDFZJG0,UCh4bLUWD83oa89T56APSQkg,NULL,NULL,350,쇼츠
YouTube,에스트라,N5RXhFpT_xc,UC0mgvMTTx7fnq2DOkpcli6w,NULL,NULL,99,쇼츠
YouTube,에스트라,NP73D2szEjQ,UCkFLNvHy1VatowFacKDZsAQ,NULL,2880000,12900,쇼츠
YouTube,에스트라,O-uUuzbyRn4,UCMFpzGDVsTdOHDiLMHLSl7A,NULL,1400000,7240,쇼츠
YouTube,에스트라,PKxhqBa-1pE,UCRT3Fg4U98KSgL4xRXpiNMA,NULL,470000,2020,쇼츠
YouTube,에스트라,REyF3klxVJk,UCKo6wTPEmI8zQFtX-h_lnag,NULL,950000,2380,쇼츠
YouTube,에스트라,scUeNKHnPVw,UCByVOWo0KwB4qpH1WfgzJrg,NULL,590000,2370,쇼츠
YouTube,에스트라,sHYEIvypzAs,UCgYInNYWKFI7S47kzIb59RQ,NULL,1710000,9290,쇼츠
YouTube,에스트라,TCMCQYWdEyc,UCMFpzGDVsTdOHDiLMHLSl7A,NULL,1400000,7240,쇼츠
YouTube,에스트라,TUn-d-SR3nA,UCzeul8s1KalD1ctXM2WyFtA,NULL,NULL,399,쇼츠
YouTube,에스트라,tw_zcl30oLM,UCAjNND0jDClyNC1jD6Al3hQ,NULL,8110000,70400,쇼츠
YouTube,에스트라,VuwsLOkPmPM,UCqewDSio1ysLaCGfBZnU6eQ,NULL,1380000,7070,쇼츠
YouTube,에스트라,vXYpIvz4Ng0,UC-63QuhO5m-9NDK6PUhl-mA,NULL,560000,2150,쇼츠
YouTube,에스트라,WagscMrdVG0,UCIgjPwedKVo_KXaH6CcZHCQ,NULL,NULL,336,쇼츠
YouTube,에스트라,WvHhEm15Huo,UCCELjCK1hxaKTiqPm1FsAoA,NULL,NULL,121,쇼츠
YouTube,에스트라,wx7T8ldJXCs,UCdEcKsdt-w7Z0M-yXbGNk1g,NULL,430000,1220,쇼츠
YouTube,에스트라,XQY3MgMb8EM,UCaYzGApH_sabw6qhn_TL6pw,NULL,NULL,582,쇼츠
YouTube,에스트라,y8OuS_dH2ys,UCsKqR8SQu10cO6R-wzdVvpw,NULL,4080000,30300,쇼츠
YouTube,에스티로더,-k2ud8GtWoA,UCdah9R_MdctHWvtpmqEijbA,NULL,20930000,216000,일반
YouTube,에스티로더,AkPiJ7fC1FQ,UCqxtyL5WX9bvnXdpcWA9yzw,NULL,7280000,55400,쇼츠
YouTube,에스티로더,Q7-0iyhFpuU,UCT2aO5ha79Yu-HN6U_PNlCg,NULL,8240000,62800,일반
YouTube,에스티로더,st_xZPFNIV0,UClsaLJyAdDlXjyAizmKt-1Q,NULL,17960000,171000,쇼츠
YouTube,에스티로더,W_qzl0KJH-0,UCchRZl7m_2EZgY60m9qNPDg,NULL,66700000,1160000,일반
YouTube,이니스프리,0FyhRsbg7zo,UCJwVHEWz8gebYJa-mCYYGJA,NULL,3740000,32800,쇼츠
YouTube,이니스프리,1ovnBmnK6w8,UCkpii37_YN3troQtcvTO7NA,NULL,1620000,7680,쇼츠
YouTube,이니스프리,aytJbFXR_LM,UCmfYQLSbkiEKkk89ylUg08w,NULL,5510000,39800,쇼츠
YouTube,이니스프리,B34EwTNS8-o,UCK3L6x0ZGU-2cfTDMLnmUyw,NULL,6110000,64600,쇼츠
YouTube,이니스프리,bskLamt-Cr8,UCXzqq0amUWcS5DphFoiDtRQ,NULL,1610000,5410,쇼츠
YouTube,이니스프리,C69K9wiKZas,UCxthUNFu-GWQZ0YE9AnIetg,NULL,17550000,164000,일반
YouTube,이니스프리,c8bVFudY_pA,UCVuLE0_5TKEf3Uk2_hvimEw,NULL,3500000,34400,쇼츠
YouTube,이니스프리,D6E6u6D4W2c,UCi8PdYP_xCA4LJS2ByLhvlA,NULL,47950000,702000,일반
YouTube,이니스프리,DcSFPQwfaGI,UCFO0wWh1LTsFIwhma1-Zhaw,NULL,8210000,60500,쇼츠
YouTube,이니스프리,evKKrhHiv8o,UCceUWPM7SkvOmJ3bs9ZYJCw,NULL,25040000,275000,일반
YouTube,이니스프리,gTVnfD1Nom4,UCVuLE0_5TKEf3Uk2_hvimEw,NULL,3500000,34400,쇼츠
YouTube,이니스프리,HonARwx1OBg,UC8KtgqMsv0MsAnRdSRWh9hA,NULL,9030000,69000,쇼츠
YouTube,이니스프리,hw4oG7MG8bw,UCRK1Ohk5k-iY_bOfkbagEWA,NULL,2910000,13100,쇼츠
YouTube,이니스프리,Ky5FqN2BFUA,UCpKEZ0jcZJeND8AgapUzkqQ,NULL,2450000,11700,일반
YouTube,이니스프리,m4G65kE9IUw,UC31Pd2I6-D-Vp4QaCg_KF0g,NULL,10480000,78800,쇼츠
YouTube,이니스프리,N9sriSD-TEM,UCFITZAC2TAbSBRrZaQ2SleA,NULL,2770000,35200,일반
YouTube,이니스프리,oFjpTtnBTAU,UCO39RtFb8lh2r1THMeXBsZg,NULL,15140000,130000,쇼츠
YouTube,이니스프리,QHV0dw324AE,UC4jy7yvjdRA4E8TqrGpFWWA,NULL,4850000,47300,쇼츠
YouTube,이니스프리,uj2RufM-W60,UCrK-BInkhcGogiBoG682DEA,NULL,17690000,167000,일반
YouTube,이니스프리,wBFTILke-SQ,UCFYHXYWr2yzyUmSiduja_aQ,NULL,3310000,17200,쇼츠
YouTube,이니스프리,xsC64gs0qGY,UC8pJebpYIash-F95JTZsAVg,NULL,3660000,20700,쇼츠
YouTube,이니스프리,ydLKDuDizCA,UC6gbVH-zlupe0E1iUbnI8XQ,NULL,3030000,14400,일반
YouTube,이니스프리,Z2cibQM8y2w,UCrlUlicedicJ5mlibqC62Eg,NULL,52240000,568000,일반
YouTube,이니스프리,ZOO9tV06Kcg,UCEwq4lvvcNHdVWmpW9Je2SQ,NULL,12330000,164000,일반
YouTube,이니스프리,ZZD__pcR-yc,UCYTR_ZaCgc70XcsTXWDHseg,NULL,4950000,49000,쇼츠
YouTube,이지듀,JWBOS-WCUwY,UCcZ7McBJAPWYTgTWr60xBmA,NULL,2800000,12000,쇼츠
YouTube,이지듀,TsCcpTT6niw,UCcZ7McBJAPWYTgTWr60xBmA,NULL,2800000,12000,쇼츠
YouTube,이지듀,uOzW-3VwMkA,UCcZ7McBJAPWYTgTWr60xBmA,NULL,2800000,12000,쇼츠
YouTube,이지듀,YLOSq7AwhzU,UCcZ7McBJAPWYTgTWr60xBmA,NULL,2800000,12000,일반
YouTube,일리윤,7Xvoa3NKSW0,UCSxKBaytwqJtzbN1af4xzsQ,NULL,1050000,3460,쇼츠
YouTube,일리윤,8xcdEfXktgA,UCMkvonZrfvKRdX0M2uUgWYA,NULL,2110000,11300,일반
YouTube,일리윤,BHDQ2bD6rgY,UCZ_htfV4yCwGz71_Wr3C_vw,NULL,1270000,5590,쇼츠
YouTube,일리윤,Dc06aw1f784,UCNVppnnkxts9JCfXmwsuqTA,NULL,740000,2760,쇼츠
YouTube,일리윤,DYECuxzH52Q,UCx0ZL5ldCGMqkOGqyO1qOkw,NULL,52560000,747000,일반
YouTube,일리윤,fhdJONTWRAQ,UCSxKBaytwqJtzbN1af4xzsQ,NULL,1050000,3460,쇼츠
YouTube,일리윤,GH2_eE_QP9I,UCX5rBfatvx4ssJgX2OBsFfw,NULL,9100000,89700,일반
YouTube,일리윤,hm6k4fKw_2g,UCzer_tnP9gIgKzGZqmcUrgw,NULL,2630000,18300,쇼츠
YouTube,일리윤,jPmy_vYmvt8,UCFYHXYWr2yzyUmSiduja_aQ,NULL,3310000,17200,쇼츠
YouTube,일리윤,kP4_CNMiRyA,UCFwSnMktwdsPipce5xEmguA,NULL,5210000,51800,쇼츠
YouTube,일리윤,kypSfT-HJIk,UCs7Bw5CQK82AHhyMQ59NZWA,NULL,44820000,438000,일반
YouTube,일리윤,MYMuWbJI32o,UCSzTXeUBWhwgOSOuhfeC3xg,NULL,600000,1940,쇼츠
YouTube,일리윤,ncTFW3TPqOU,UCVRw_0KeFXFiQTLVJgaPeJg,NULL,3470000,23500,일반
YouTube,일리윤,nYdiorq4liM,UCbHr1e0JAR_VHNHL_mZ5-qQ,NULL,1740000,8390,일반
YouTube,일리윤,odtRuM1XtN4,UC4n8Ic4k5JPzKfKp7P3sZsg,NULL,960000,3770,쇼츠
YouTube,일리윤,ok7z_rzAnPc,UCIKekPLPZqjshqlT1FMNTgQ,NULL,1040000,5740,쇼츠
YouTube,일리윤,OU07XwpfDAA,UCJwVHEWz8gebYJa-mCYYGJA,NULL,3740000,32800,쇼츠
YouTube,일리윤,RFryyzfp60E,UCRK1Ohk5k-iY_bOfkbagEWA,NULL,2910000,13100,쇼츠
YouTube,일리윤,U1-W3ZzISsE,UCQp3vsLMn9WlF_4aSIHEEoQ,NULL,1100000,5260,쇼츠
YouTube,일리윤,uGV0pmy89eQ,UC8pchb03GZ4iGozDwWNyeNA,NULL,1090000,5160,쇼츠
YouTube,일리윤,wvtfTFc-QuY,UCO39RtFb8lh2r1THMeXBsZg,NULL,15140000,130000,쇼츠
YouTube,일리윤,Xvn6sgMNWBU,UCNZdXmE-JP_h1A4x-0HTtQA,NULL,1410000,5350,쇼츠
YouTube,일리윤,zJyxtfe1C4Y,UC5BqeEsHJnYM4O4xvWJK3Cg,NULL,1360000,6950,쇼츠
YouTube,일리윤,zUzX3aqBTwM,UC4jy7yvjdRA4E8TqrGpFWWA,NULL,4850000,47300,쇼츠
YouTube,정샘물,6OgKgR15C0M,UCk57wlh8AjGpWDdOOHIR1Bw,NULL,6290000,68700,일반
YouTube,정샘물,AAw2b4nXE7c,UC6gHLvwXKjfSG9OkECAJT5g,NULL,2070000,22700,쇼츠
YouTube,정샘물,kJeMUQVeOAw,UC2FGz8diNzNAg_j8n_9eGgw,NULL,7590000,84000,일반
YouTube,정샘물,orpqUkRnrSo,UCk57wlh8AjGpWDdOOHIR1Bw,NULL,6290000,68700,일반
